LanguageCode	LanguageName	AlternativeLanguageName	Dialect	Source	DataEntry	Squib	IssuesNotes	ResolutionNotes
abi	abidji 			Chanard	Steve	abi_Hartell1993_phon		
ada	dangme (adangme) 			Chanard	Steve	ada_Hartell1993_phon		
adj	adioukrou 			Chanard	Steve	adj_Hartell1993_phon		
ahl	ahlõ 			Chanard	Steve	ahl_Hartell1993_phon		
ajg	adja 			Chanard	Steve	ajg_Hartell1993_phon1		
ajg	adja 			Chanard	Steve	ajg_Hartell1993_phon2		
aka	akan 			Chanard	Steve	aka_Hartell1993_phon		
anc	angas 			Chanard	Steve	anc_Hartell1993_phon		
apd	arabe 			Chanard	Steve	apd_Hartell1993_phon		
avu	avokaya 			Chanard	Steve	avu_Hartell1993_phon		
bam	bambara 			Chanard	Steve	bam_Hartell1993_phon		
bas	basaa 			Chanard	Steve	bas_Hartell1993_phon		
bav	babungo 			Chanard	Steve	bav_Hartell1993_phon		
bba	bariba 			Chanard	Steve	bba_Hartell1993_phon		
bbo	bobo 			Chanard	Steve	bbo_Hartell1993_phon		
bci	baoulé 			Chanard	Steve	bci_Hartell1993_phon		
beh	biali 			Chanard	Steve	beh_Hartell1993_phon		
bex	jur mödö 			Chanard	Steve	bex_Hartell1993_phon		
bfd	bafut 			Chanard	Steve	bfd_Hartell1993_phon		
bfl	banda 			Chanard	Steve	bfl_Hartell1993_phon		
bfl	banda 			Chanard	Steve	bfl_Hartell1993_phon		
bhy	bhele 			Chanard	Steve	bhy_Hartell1993_phon		
bib	bisa 			Chanard	Steve	bib_Hartell1993_phon		
bim	bimoba 			Chanard	Steve	bim_Hartell1993_phon		
bin	ẹdo (bini) 			Chanard	Steve	bin_Hartell1993_phon		
bkc	baka 			Chanard	Steve	bkc_Hartell1993_phon		
bkm	kom 			Chanard	Steve	bkm_Hartell1993_phon		
bkv	bekwarra 			Chanard	Steve	bkv_Hartell1993_phon		
bom	berom 			Chanard	Steve	bom_Hartell1993_phon		
bqp	boussa 			Chanard	Steve	bqp_Hartell1993_phon		
bqx	kambari 			Chanard	Steve	bqx_Hartell1993_phon		
bsq	bassa 			Chanard	Steve	bsq_Hartell1993_phon		
bss	akɔɔse (bakossi) 			Chanard	Steve	bss_Hartell1993_phon		
btg	bété 			Chanard	Steve	btg_Hartell1993_phon		
bud	bassar (n'tcham) 			Chanard	Steve	bud_Hartell1993_phon		
bum	bulu 			Chanard	Steve	bum_Hartell1993_phon		
bza	bandi (gbande) 			Chanard	Steve	bza_Hartell1993_phon		
bzx	bozo 			Chanard	Steve	bzx_Hartell1993_phon		
cko	anufɔ (tchokossi) 			Chanard	Steve	cko_Hartell1993_phon		
cme	cerma (gouin) 			Chanard	Steve	cme_Hartell1993_phon		
daf	dan (yacouba) dialecte blowo 			Chanard	Steve	daf_Hartell1993_phon		
dag	dagbani 			Chanard	Steve	dag_Hartell1993_phon		
dbq	daba 			Chanard	Steve	dbq_Hartell1993_phon		
dga	dagaare 			Chanard	Steve	dga_Hartell1993_phon		
dgi	dagara 			Chanard	Steve	dgi_Hartell1993_phon		
dic	dida 			Chanard	Steve	dic_Hartell1993_phon		
dje	zarma (soŋay) 			Chanard	Steve	dje_Hartell1993_phon		
dop	lokpa (dompago) 			Chanard	Steve	dop_Hartell1993_phon		
dow	doayo 			Chanard	Steve	dow_Hartell1993_phon		
dts	dogon (dogo-soo) 			Chanard	Steve	dts_Hartell1993_phon		
dua	duala 			Chanard	Steve	dua_Hartell1993_phon		
dug	duruma 			Chanard	Steve	dug_Hartell1993_phon		
dyo	joola (diola) 			Chanard	Steve	dyo_Hartell1993_phon		
dyu	dioula 			Chanard	Steve	dyu_Hartell1993_phon		
dzg	daza 			Chanard	Steve	dzg_Hartell1993_phon		
ema	emai 			Chanard	Steve	ema_Hartell1993_phon		
emk	manding (mandingo) 			Chanard	Steve	emk_Hartell1993_phon		
enn	engenni 			Chanard	Steve	enn_Hartell1993_phon		
etu	ejagham de l'ouest 			Chanard	Steve	etu_Hartell1993_phon		
ewe	eʋe 			Chanard	Steve	ewe_Hartell1993_phon		
ewo	ewondo 			Chanard	Steve	ewo_Hartell1993_phon		
ffm	fulfulde		Peul	Chanard	Steve	ffm_Hartell1993_phon		
flr	fuliru 			Chanard	Steve	flr_Hartell1993_phon		
fmp	fe'efe'fe 			Chanard	Steve	fmp_Hartell1993_phon		
fon	fɔn 			Chanard	Steve	fon_Hartell1993_phon		
fub	fulfulde 			Chanard	Steve	fub_Hartell1993_phon		
fuc	pulaar (fulfulde) 			Chanard	Steve	fuc_Hartell1993_phon		
fuf	pular (fulfulde) 			Chanard	Steve	fuf_Hartell1993_phon		
fuh	fulfulde 			Chanard	Steve	fuh_Hartell1993_phon		
fuq	fulfulde 			Chanard	Steve	fuq_Hartell1993_phon		
gaa	ga 			Chanard	Steve	gaa_Hartell1993_phon		
gbo	grebo (dialecte chlehpo) 		chlehpo	Chanard	Steve	gbo_Hartell1993_phon		
gbp	gbaya 		Bossangoa	Chanard	Steve	gbp_Hartell1993_phon	Macro language? Check: http://www.ethnologue.com/show_language.asp?code=gba	
gde	guɗe 			Chanard	Steve	gde_Hartell1993_phon		
gej	gɛn-mina 			Chanard	Steve	gej_Hartell1993_phon1		
gej	gɛn-mina 			Chanard	Steve	gej_Hartell1993_phon2		
gjn	gonja 			Chanard	Steve	gjn_Hartell1993_phon		
gkp	kpɛlɛwoo 			Chanard	Steve	gkp_Hartell1993_phon		
gnd	zulgo 			Chanard	Steve	gnd_Hartell1993_phon		
gng	gangam 			Chanard	Steve	gng_Hartell1993_phon		
god	godié 			Chanard	Steve	god_Hartell1993_phon		
gux	gulmancema (gourma) 			Chanard	Steve	gux_Hartell1993_phon		
gya	gbaya 			Chanard	Steve	gya_Hartell1993_phon		
hag	hanga 			Chanard	Steve	hag_Hartell1993_phon		
hau	hausa 			Chanard	Steve	hau_Hartell1993_phon1		
hau	hausa 			Chanard	Steve	hau_Hartell1993_phon2		
ibo	igbo 			Chanard	Steve	ibo_Hartell1993_phon		
ife	ifɛ̀ 			Chanard	Steve	ife_Hartell1993_phon		
igb	ebira 			Chanard	Steve	igb_Hartell1993_phon		
ige	igede 			Chanard	Steve	ige_Hartell1993_phon		
ijs	ijo de l'est (okrika) 			Chanard	Steve	ijs_Hartell1993_phon		
izi	ikwo 			Chanard	Steve	izi_Hartell1993_phon1	are these the same hartell?	
izi	izi 			Chanard	Steve	izi_Hartell1993_phon3	are these the same hartell?	
izi	ẹzaa 			Chanard	Steve	izi_Hartell1993_phon2	are these the same hartell? These 3 entries are considered dialects of the macro-language with the code izi	
kbp	kabiyɛ 			Chanard	Steve	kbp_Hartell1993_phon		
kdh	tem 			Chanard	Steve	kdh_Hartell1993_phon		
khq	songhoy 			Chanard	Steve	khq_Hartell1993_phon		
kik	kikuyu 			Chanard	Steve	kik_Hartell1993_phon		
kkj	kakɔ 			Chanard	Steve	kkj_Hartell1993_phon		
kmw	komo 			Chanard	Steve	kmw_Hartell1993_phon		
knc	kanuri 			Chanard	Steve	knc_Hartell1993_phon		
kqs	kisiei 			Chanard	Steve	kqs_Hartell11993_phon		
kri	krio 			Chanard	Steve	kri_Hartell1993_phon		
krs	kresh 			Chanard	Steve	krs_Hartell1993_phon		
kuj	kuria 			Chanard	Steve	kuj_Hartell1993_phon		
kus	kusal 			Chanard	Steve	kus_Hartell1993_phon		
kza	karaboro 			Chanard	Steve	kza_Hartell1993_phon		
kzr	karaŋ 			Chanard	Steve	kzr_Hartell1993_phon		
las	lama 			Chanard	Steve	las_Hartell1993_phon		
led	lendu 			Chanard	Steve	led_Hartell1993_phon		
lee	lyélé 			Chanard	Steve	lee_Hartell1993_phon		
lem	nɔmaa 			Chanard	Steve	lem_Hartell1993_phon		
lgg	lugbara 			Chanard	Steve	lgg_Hartell1993_phon		
lia	limba 			Chanard	Steve	lia_Hartell1993_phon		
lig	ligbi 			Chanard	Steve	lig_Hartell1993_phon		
lin	lingala 			Chanard	Steve	lin_Hartell1993_phon		
lln	lele 			Chanard	Steve	lln_Hartell1993_phon		
lmp	limbum 			Chanard	Steve	lmp_Hartell1993_phon		
lns	nsoʼ 			Chanard	Steve	lns_Hartell1993_phon		
lok	lɔkɔ 			Chanard	Steve	lok_Hartell1993_phon		
lom	lɔgɔmagooi 			Chanard	Steve	lom_Hartell1993_phon		
lor	téén (loron) 			Chanard	Steve	lor_Hartell1993_phon		
lug	luganda 			Chanard	Steve	lug_Hartell1993_phon		
luo	dholuo 			Chanard	Steve	luo_Hartell1993_phon		
maw	mampruli 			Chanard	Steve	maw_Hartell1993_phon		
mbo	mboó 			Chanard	Steve	mbo_Hartell1993_phon		
mcp	mekaa 			Chanard	Steve	mcp_Hartell1993_phon		
mcu	mambila 			Chanard	Steve	mcu_Hartell1993_phon		
mdj	mangbetu (meje) 			Chanard	Steve	mdj_Hartell1993_phon		
men	mende 			Chanard	Steve	men_Hartell1993_phon		
mfn	mbembe 			Chanard	Steve	mfn_Hartell1993_phon		
mgo	metta (menemo) 			Chanard	Steve	mgo_Hartell1993_phon		
mhi	pandikeri 			Chanard	Steve	mhi_Hartell1993_phon		
mif	mofu-gudur 			Chanard	Steve	mif_Hartell1993_phon		
mkw	munukutuba 			Chanard	Steve	mkw_Hartell1993_phon		
mlq	mande(malinke, mandinka) 			Chanard	Steve	mlq_Hartell1993_phon		
mnf	mundani 			Chanard	Steve	mnf_Hartell1993_phon		
moa	muan 			Chanard	Steve	moa_Hartell1993_phon		
mos	moore 			Chanard	Steve	mos_Hartell1993_phon		
mtb	agni sanvi 			Chanard	Steve	mtb_Hartell1993_phon		
muh	mündü 			Chanard	Steve	muh_Hartell1993_phon		
mur	murle 			Chanard	Steve	mur_Hartell1993_phon		
mwk	maninka-kan 			Chanard	Steve	mwk_Hartell1993_phon		
mzk	mambila 			Chanard	Steve	mzk_Hartell1993_phon		
mzw	mo 			Chanard	Steve	mzw_Hartell1993_phon		
ncu	chumburung 			Chanard	Steve	ncu_Hartell1993_phon		
neb	toura 			Chanard	Steve	neb_Hartell1993_phon		
nfr	nafaanra 			Chanard	Steve	nfr_Hartell1993_phon		
nga	ngbaka 			Chanard	Steve	nga_Hartell1993_phon		
ngb	ngbandi 			Chanard	Steve	ngb_Hartell1993_phon		
nhb	bɛ̀ŋ (ngain) 			Chanard	Steve	nhb_Hartell1993_phon		
nmz	nawdm 			Chanard	Steve	nmz_Hartell1993_phon		
nnh	ngyembɔɔn 			Chanard	Steve	nnh_Hartell1993_phon		
nup	nupe 			Chanard	Steve	nup_Hartell1993_phon		
nuv	nʋni 			Chanard	Steve	nuv_Hartell1993_phon		
nwb	niaboua 			Chanard	Steve	nwb_Hartell1993_phon		
ozm	kɔɔzime 			Chanard	Steve	ozm_Hartell1993_phon	nje listed as language code in Chanard	ozm
pbi	podoko 			Chanard	Steve	pbi_Hartell1993_phon		
pil	yom (pila-pila) 			Chanard	Steve	pil_Hartell1993_phon		
rel	rendille 			Chanard	Steve	rel_Hartell1993_phon		
sag	sango 			Chanard	Steve	sag_Hartell1993_phon1		
sag	sango 			Chanard	Steve	sag_Hartell1993_phon2		
sba	ngambai 			Chanard	Steve	sba_Hartell1993_phon		
seq	senoufo (senari) 			Chanard	Steve	seq_Hartell1993_phon		
snk	sooninke (sarakole) 			Chanard	Steve	snk_Hartell1993_phon1		
snk	soninke 			Chanard	Steve	snk_Hartell1993_phon2		
spy	sabaot 			Chanard	Steve	spy_Hartell1993_phon		
srr	sereer 			Chanard	Steve	srr_Hartell1993_phon		
ssl	sissala 			Chanard	Steve	ssl_Hartell1993_phon		
sur	mwaghavul (sura) 			Chanard	Steve	sur_Hartell1993_phon		
sus	soso 			Chanard	Steve	sus_Hartell1993_phon		
swh	swahili 			Chanard	Steve	swh_Hartell1993_phon		
taq	tamasheq 			Chanard	Steve	taq_Hartell1993_phon		
tbz	ditammari 			Chanard	Steve	tbz_Hartell1993_phon		
ted	kroumen tépo 			Chanard	Steve	ted_Hartell1993_phon		
tem	themne 			Chanard	Steve	tem_Hartell1993_phon		
tfi	tɔfin 			Chanard	Steve	tfi_Hartell1993_phon		
tik	tikar 			Chanard	Steve	tik_Hartell1993_phon		
toq	toposa 			Chanard	Steve	toq_Hartell1993_phon		
tsp	toussian 			Chanard	Steve	tsp_Hartell1993_phon		
ttq	tamajaq 			Chanard	Steve	ttq_Hartell1993_phon		
tuq	teda 			Chanard	Steve	tuq_Hartell1993_phon		
vag	vagala 			Chanard	Steve	vag_Hartell1993_phon		
vut	vute 			Chanard	Steve	vut_Hartell1993_phon		
wan	wan 			Chanard	Steve	wan_Hartell1993_phon		
wob	wobé 			Chanard	Steve	wob_Hartell1993_phon		
wol	wolof 			Chanard	Steve	wol_Hartell1993_phon		
wwa	waama 			Chanard	Steve	wwa_Hartell1993_phon		
xon	konkomba 			Chanard	Steve	xon_Hartell1993_phon		
xpe	kpelle 			Chanard	Steve	xpe_Hartell1993_phon		
xsm	kasɩm 			Chanard	Steve	xsm_Hartell1993_phon		
xsm	kasem 			Chanard	Steve	xsm_Hartell1993_phon2		
yam	yamba 			Chanard	Steve	yam_Hartell1993_phon		
yas	nugunu 			Chanard	Steve	yas_Hartell1993_phon		
yat	yambɛta 			Chanard	Steve	yat_Hartell1993_phon		
ybb	yemba 			Chanard	Steve	ybb_Hartell1993_phon		
yer	tarok (yergum) 			Chanard	Steve	yer_Hartell1993_phon		
yor	yorouba 		Nigeria	Chanard	Steve	yor_Hartell1993_phon1		
yor	yorouba 		Benin	Chanard	Steve	yor_Hartell1993_phon2		
yre	yaouré 			Chanard	Steve	yre_Hartell1993_phon		
zne	zande 			Chanard	Steve	zne_Hartell1993_phon		
aar	Afar			phoible	Smith	aar_Bender1976_phon		
aau	Abau			phoible	Michael; KJ	aau_lock1990_phon		
abt	Abulas			phoible	Michael; KJ	abt_wilson1973_phon		
ace	Acehnese			phoible	Michael; KJ	ace_asyik1987_phon		
adn	Adang			phoible	Michael; KJ	adn_haan2001_phon		
ael	Ambele			phoible	Michael; KJ	ael_nganganu2001_phon		
agd	Agarabi			phoible	Michael; KJ	agd_goddard1980_phon	Do Not Use (phoneme chart and descriptions make no sense)	
ags	Esimbi			phoible	Morgana; KJ	ags_fointein1986_phon		
ahg	Agaw			phoible	Michael; KJ	ahg_hetzron1969_phon		
ahk	Akha			phoible	Michael; KJ	ahk_panadda1993_phon		
aig	Antiguan Creole			phoible	Michael; KJ	aig_farquhar1974_phon		
akl	Aklan			phoible	Michael; KJ	akl_chai1971_phon		
aly	Alyawarra			phoible	Michael; KJ	aly_yallop1977_phon		
amn	Amanab			phoible	Michael; KJ	amn_minch1992_phon		
ann	Obolo			phoible	Morgana; KJ	ann_faraclas1984_phon		
anu	Anywa			phoible	Michael; KJ	anu_reh1996_phon		
anv	Denya			phoible	Morgana; KJ	anv_mbuagbaw1996_phon	questionable allophone data	
aoj	Muhiang			phoible	Morgana; KJ			
aon	Arapesh			phoible	Michael; KJ	aon_fortune1942_phon		
ape	Bukiyip			phoible	Michael; KJ	ape_conrad1991_phon	DO NOT USE (Does not use IPA and does not describe the phonemes; much of the phonemic data is uninterpretable)	
apm	Chiricahua Apache			phoible	Morgana; KJ	nativeamerica_bloomfield1944_phon	break these apart	
apu	Apurinã		Japiim	phoible	Michael; KJ	apu_facundes2000_phon		
arg	Aragonese		Chistabino	phoible	David	arg_mott2007_phon		
arh	Ika			phoible	Michael; KJ	arh_frank1985_phon		
arr	Karo			phoible	Michael; KJ	arr_gabas1999_phon		
avt	Au			phoible	Michael; KJ	avt_scorza1985_phon		
awx	Awara			phoible	Michael; KJ	awx_quigley2003_phon		
ayl	Lebanese Arabic			phoible	Michael; KJ	ayl_elfitoury1976_phon		
ayz	Maybrat			phoible	Morgana; KJ	ayz_dol1999_phon		
azo	Awing			phoible	Michael; KJ	azo_azieshi1994_phon		
bax	Shupamem			phoible	Morgana; KJ	bax_nchare2005_phon		
bbc	Toba-Batak			phoible	Michael; KJ	bbc_percival1964_phon		
bbk	Babanki			phoible	Michael; KJ	bbk_akumbu1999_phon		
bbw	Baba			phoible	Michael; KJ	bbw_nashipu2005_phon		
bbx	Bubia			phoible	Michael; KJ	bbx_fiensong1993_phon		
bby	Befang			phoible	Michael; KJ	bby_gueche2004_phon		
bce	Mamenyan; Mengambo			phoible	Morgana; KJ	bce_forku2000_phon		
bch	Bariai			phoible	Michael; KJ	bch_gallagher2005_phon		
bci	Baule		Kobe	phoible	Michael; KJ	bci_timyan1977_phon		
bdr	Bajau, West Coast; Land Bajaw; West Coast Bajao			phoible	Michael; KJ	bdr_miller2007_phon		
bdu	Lukundu; Oroko			phoible	Morgana; KJ	bdu_atta1993_phon		
bem	Bemba			phoible	Michael; KJ	bem_kula2002_phon		
bfm	Mmen			phoible	Morgana; KJ	bfm_bangha2003_phon		
bfw	Remo			phoible	Michael; KJ	bfw_fernandez1968_phon		
bgo	Baga Koga; Koba; Barka			phoible	Michael; KJ	bgo_relich1973_phon		
bhg	Binandere			phoible	Michael; KJ	bhg_wilson2002_phon		
bhw	Biak			phoible	Michael; KJ	bhw_heuvel2006_phon		
biw	Bikele			phoible	Michael; KJ	biw_behne1979_phon		
bjg	Bangolan			phoible	Michael	bjg_mbah2003_phon		
bjr	Binumarien			phoible	Morgana; KJ	bjr_oatridge1973_phone		
bjz	Baruga			phoible	Cameron; KJ	bjz_farr_phon	problems with vowel symbols and allophone symbols in text	
bkh	Bakoko			phoible	Michael; KJ	bkh_edika1990_phon		
bkk	Brokskat			phoible	Michael; KJ	bbk_ramaswami1982_phon		
bkl	Berik			phoible	Michael; KJ	bkl_westrum1988_phon	Do Not Use (Based on the orthography)	
bla	Blackfoot			phoible	Michael; KJ	bla_taylor1969_phon		
blb	Bilua			phoible	Veja; KJ	blb_obata2003_phon		
blk	Pa-O, Taungthu		Huay Salop	phoible	Cameron; KJ	blk_orranat2000_phon		
bll	Biloxi			phoible	Michael; KJ	bll_einaudi1974_phon		
blr	Blang; Plang; Bulang; Pulang; Pula; Kawa; K'ala; Kontoi			phoible	Michael; KJ	blr_block1994_phon		
bmo	Bambalang; Círàmbɔ́			phoible	Veja; KJ	bmo_ayafor2002_phon		
bnm	Banoo			phoible	Michael; KJ	bnm_kouankem2003_phon		
bod	Tibetan		Lhasa	phoible	Michael; KJ			
boi	Chumash; Chumash (Barbareño); Barbareno Chumash		Barbareno	phoible	Morgana; KJ	chs_wash2001_phon	rename file	retired code: http://www.sil.org/iso639-3/documentation.asp?id=chs
bol	Bole			phoible	Michael; KJ	bol2_gimba2000_phon		
bot	Bongo			phoible	Michael	bot_abessolo1990_phon	not checked; in French and not able to interpret	
brc	Berbice Dutch			phoible	Michael; KJ	brc_kouwenberg1994_phon		
bri	Bakweri; Mokpwe			phoible	Michael; KJ	bri_bate1987_phon	DO NOT USE (Not based on phonemes, but on surface realizations)	
bsp	Baga Sitem			phoible	Michael; KJ	bsp_ganong1998_phon		
bvm	Bamunka			phoible	Michael; KJ	bvm_ngeloh2002_phon		
bwi	Kurripako; Baniwa; Baniwa (Icana)			phoible	Michael; KJ	bwi_granadillo2006_phon		
bwo	Boro			phoible	Michael; KJ	bwo_bhattacharya1977_phon		
bwq	Bobo		Bobo-Dioulasso, Haute-Volta	phoible	Michael; KJ	bwq_sanou1978_phon		
bwt	Bafo		Lefo	phoible	Morgana; KJ	bwt2_ebah1990_phon	why bwt2?	
bxk	Bukusu			phoible	Michael; KJ	bxk_mutonyi2000_phon		
byv	Medumba			phoible	Morgana; KJ	byv_nganmou1991_phon		
bzf	Boiken			phoible	Morgana; KJ		not a good source; would consider not using	
bzi	Bisu			phoible	Michael; KJ	bzi_person2000_phon	Do Not Use (not a concrete description of the phonemes, but of consonants that appear in initial position)	
bzj	Belizean Creole			phoible	Michael; KJ	bzj_greene1993_phon		
cas	Moseten			phoible	Morgana; KJ	cas_sakel2004_phon		
cav	Cavinena			phoible	Morgana; KJ	cav_guillaume2004_phon		
ccc	Chamicuro			phoible	Morgana; KJ	ccc_parker1991_phon		
cdm	Chepang			phoible	Morgana; KJ	cdm_caughley1982_phon		
che	Chechen			phoible	Morgana; KJ	che_nichols1996_phon		
cho	Choctaw			phoible	Michael; KJ	cho_broadwell_phon		
cid	Chimariko			phoible	Michael; KJ	cid_jany2007_phon		
cku	Koasati			phoible	Michael; KJ	cku_kimball1985_phon		
cle	Chinanteco			phoible	Morgana; KJ	cle_archivo1980_phon		
cog	Chong		Khlong Phlu and Wang Kraphrae Dialects	phoible	Morgana; KJ	cog_ungsitipoonporn_phon		
com	Comanche			phoible	Morgana; KJ	com_charney1993_phon		
coo	Comox			phoible	Michael; KJ	coo_harris1981_phon		
crd	Coeur d'Alene			phoible	Morgana; KJ	crd_doak1997_phon		
crg	Michif			phoible	Michael; KJ	crg_rosen2007_phon		
crw	Chrau			phoible	Morgana; KJ	crw_thomas1971_phon		
cso	Sochiapan Chinantec			phoible	Michael; KJ	cso_foris1993_phon		
ctu	Tila, Chiapas			phoible	Morgana; KJ	cti_alvarez2002_phon	merged with ctu	http://www.sil.org/iso639-3/documentation.asp?id=cti
cup	Cupeno			phoible	Morgana; KJ	cup_hill2005_phon		
cuv	Cuvok			phoible	Morgana; KJ	cuv_ndokobai2003_phon		
dan	Danish			phoible	David	dan_gronnum1998_phon		
dbj	Ida'an		Begak	phoible	Michael; KJ	dbj_goudswaard2005_phon		
diq	Dimili			phoible	Michael; KJ	diq_todd1985_phon		
dob	Dobu			phoible	Morgana; KJ			
duo	Dupaningan Agta; Eastern Cagayan Agta; Dupaninan Agta			phoible	Michael; KJ	duo_robinson2008_phon		
ego	Eggon			phoible	Morgana; KJ	ego_blench2006_phon		
ekm	Nulibie		Yambassa	phoible	Morgana; KJ	ekm_ekambi1990_phon		
ekp	Ekpeye			phoible	Morgana; KJ	ekp_blench2006_phone		
enb	Endo			phoible	Morgana; KJ	enb_zwarts2003_phon		
erg	Sye			phoible	David	erg_crowley1998_phon		
erk	South Efate			phoible	Morgana; KJ	erk_thieberger2004_phon		
esi	Iñupiaq; Iñupiat; Inupiat; Inupiaq			phoible	Michael; KJ	esi_nagai2006_phon		
ets	Etsako			phoible	Michael; KJ	ets_elimelech1976_phon		
fai	Faiwol			phoible	Morgana; KJ			
fan	Fan			phoible	Morgana; KJ	fan_eko1974_phon		
fil	Filipino			phoible	Veja; KJ	fil_cubar1994_phon		
frr	Frisian		Sölring North 	phoible	Michael; KJ	frr_lasswell1998_phon		
fwe	Fwe			phoible	Morgana; KJ	namibianlanguages_haacke1997_phon	break these apart	
gbd	Garadjari			phoible	Morgana; KJ	gbd_sands1989_phon		
gby	Gbari			phoible	Morgana; KJ	gby_rosendall1998_phon		
gid	Kada		Guidar	phoible	Morgana; KJ	gid_noukeu2002_phon		
gju	Gojri; Gujari; Gujar			phoible	Michael; KJ	gju_losey2002_phon		
gmm	Mbodomo; Gbaya			phoible	Michael; KJ	mdo_boyd1997_phon	update filename	code changed: http://www.ethnologue.com/show_language.asp?code=mdo
gmo	Gamo-Gofa-Dawr		Kullo - Jimma	phoible	Smith	gmo_Bender1976_phon	Split into three languages: Gamo [gmv], Gofa [gof], and Dawro [dwr]	find resource and update
grg	Ma'di			phoible	Morgana; KJ	grg_blackings2003_phon		
gub	Guajajara			phoible	Morgana; KJ	gub_bendorsamuel1966_phon		
guf	Gupapuyngu			phoible	Morgana; KJ	guf_lowe2004_phon	Do Not Use; Not about phonemes or allophones	
gup	Gunwinggu, Kunwinjku			phoible	Morgana; KJ	gup_oates1964_phon		
gvc	Wanano			phoible	Michael; KJ	gvc_stenzel2004_phon		
gvf	Golin			phoible	Morgana; KJ	gvf_evans2005_phon		
hay	Haya			phoible	Morgana; KJ	hay_byarushengo1977_phon		
hch	Huichol		San Andres Cohamiata, Jalisco	phoible	Morgana; KJ	hch_gomez1999_phon		
hoa	Hoava			phoible	Veja; KJ	hoa_davis2003_phon		
hum	Kihungan			phoible	Michael; KJ	hum_takizala1974_phon		
hur	Chilliwak Halkomelem			phoible	Michael; KJ	hur_galloway1977_phon		
hus	Huastec		Potosino dialect	phoible	Michael; KJ	hva_wedemeyer1988_phon	update filename	merge with hus: http://www.sil.org/iso639-3/documentation.asp?id=hva
huv	Huave, San Mateo del Mar			phoible	Morgana; KJ	huv_archivo1983_phon		
iby	Ibani			phoible	Morgana; KJ	iby_blench2005_phon		
igo	Ngomba			phoible	Morgana 	igo_ngouagna1988.pdf	attn: this wasn't finished ; (KJ; In French and not intuitively interpretable; Not able to check)	
ilo	Ilocano		Northern	phoible	Michael; KJ	ilo_rubino1997_phon		
imn	Imonda			phoible	Morgana; KJ	imn_seiler1985_phon		
inh	Ingush			phoible	Morgana; KJ	inh_nichols1996_phon		
iqu	Iquito			phoible	Morgana	iqu_brown2004_phon	KJ: Do Not Use	
irk	Iraqw			phoible	Smith	irk_Bender1976_phon		
jaa	Jarawara			phoible	Morgana; KJ	jap_vogel2003_phon		jap merged into jaa in E16
jar	Jarawa			phoible	Morgana; KJ	jar_lukas1961_phon		
jbj	Arandai			phoible	Michael; KJ	jbj_voorhoeve1985_phon		
jun	Juang			phoible	Michael; KJ	jun_matson1964_phon		
jup	Hup			phoible	Cameron; KJ	jup_epps2005_phon	glottalized or laryngealized stops? 	
jya	Jiarong		Japhug	phoible	Veja; KJ	jya_jacques2004_phon	in French; Squib needs to be redone to include vowels	
kab	Kabyle			phoible	Morgana; KJ	kab_hamouma1987_phon		
kan	Kannada			phoible	Morgana	kan_schiffmann1983_phon	KJ: Do Not Use	
kbc	Kadiweu			phoible	Michael; KJ	kbc_sandalo1995_phon		
kca	Eastern Khanty			phoible	Michael; KJ	qaa_filchenko2007_phon	unknown language code: qaa;kca; qaa is private use code; kca is generic Khanti; check with author if Eastern Khanty is distinct from the other Khantys	
kcl	Kela		Apoze	phoible	Michael:KJ			
kcn	Nubi			phoible	Morgana; KJ	kcn_wellens2003_phon		
kde	Shimakonde			phoible	Morgana; KJ	kde_liphola2001_phon		
kdt	Kuay		Surin	phoible	Morgana; KJ	kdt_oranuch1984_phon		
ken	Kenyang			phoible	Morgana; KJ	ken_mbuagbaw2000_phon		
kgg	Kusunda			phoible	Morgana; KJ	kgg_watters2006_phon		
khc	Tukang Besi		Wanci, Kaledupa	phoible	Michael		contact author and figure out what code this is; fix Michael's spreadsheet for this language code (prev: bhq; now khc -- Tukang Besi South -> Tukang Besi North); fix michael's citation as well (KJ: cannot find original article or squib to check)	
khr	Kharia			phoible	Morgana; KJ	khr_peterson_phon		
kig	Khmu			phoible	Morgana; KJ			
kin	Kinyarwanda			phoible	Morgana; KJ	kin_mpayimana2003_phon		
kkk	Kokota			phoible	Morgana; KJ	kkk_palmer1999_phon		
kle	Kulung			phoible	Morgana; KJ	kle_tolsma1999_phon		
kma	Konni			phoible	Morgana; KJ	kma_cahill1999_phon		
kme	Kole			phoible	Morgana; KJ	kme_asobo1989_phon		
kmn	Awtuw			phoible	Michael: KJ	kmn_feldman1986_phon		
kms	Kamasau			phoible	Morgana; KJ	kms_sanders1994a_phon		
kmv	Karipuna Creole			phoible	Morgana; KJ			
kpr	Korafe			phoible	Morgana; KJ	kpr_farr1974_phon		
ksi	Isaka			phoible	Morgana; KJ	ksi_donohue2002_phon		
ktn	Karitiana; Karitiâna			phoible	Michael; KJ	ktn_everett2006_phon		
kto	Kuot			phoible	Morgana; KJ	kto_lindstrom2002_phon		
kub	Kuteb			phoible	Michael; KJ	kub_koops1990_phon		
kwi	Awa Pit			phoible	Michael; KJ	kwi_curnow1997_phon		
kwk	Kwakiutl			phoible	Smith	kwk_boas1902		
kxl	Dhangar			phoible	Morgana; KJ	kxl_yadava2000_phon		
kxm	Northern Khmer		Buriram	phoible	Morgana; KJ	kxm_phunsap1984_phon		
kxo	Kanoe			phoible	Morgana; KJ			
kxv	Kuvi			phoible	Morgana; KJ	kxv_israel1979_phon		
kyz	Kaiabi			phoible	Morgana; KJ	kyz_souza2004_phon		
lag	Langi			phoible	Morgana; KJ	lag_dunham2005_phon		
lao	Lao			phoible	Morgana; KJ	lao_morev1979_phon		
lbj	Ladakhi			phoible	Morgana; KJ	lbj_koshal1979_phon		
lch	Lucazi			phoible	Morgana; KJ	lch_fleisch2000_phon		
lis	Lisu			phoible	Michael; KJ	lis_roop1970_phon		
lmw	Lake Miwok; Miwok (Lake)			phoible	Michael; KJ			
los	Loniu			phoible	Michael; KJ	los_hamel1985_phon		
lun	Lunda			phoible	Morgana; KJ	lun_kawasha2003_phon		
lvk	Lavukaleve			phoible	Morgana; KJ	lvk_terrill1999_phon		
lyn	Louyi			phoible	Morgana	lyn_jacottet1896_phon	KJ: In French and not intuitively interpretable	
lzz	Laz			phoible	Michael; KJ	lzz_anderson1963_phon		
mam	Western Mam; Tacanec			phoible	Michael; KJ	mtz_godfrey1981_phon	update filename	merged: http://www.sil.org/iso639-3/documentation.asp?id=mtz
mbe	Molalla			phoible	Michael; KJ	mbe_pharris2006_phon		
mcf	Matses, Mayoruna			phoible	Michael; KJ	mcf_fleck2003_phon		
gmm	Mbodomo			phoible	Morgana; KJ	mdo_boyd1997_phon		mdo changed to gmm
mec	Mara			phoible	Morgana; KJ	mec_heath1981_phon		
mff	Naki			phoible	Morgana; KJ	mff_kum2002_phon		
mgg	Mpumpun		Yokadouma	phoible	Morgana; KJ	mgg_djiafeua1989_phon		
mgi	Jili			phoible	Morgana; KJ	mgi_blench2006_phon		
mhk	Mungaka			phoible	Morgana; KJ			
mhr	Cheremis			phoible	Morgana; KJ	mhr_sebeok1961_phon		
mkd	Macedonian			phoible	Morgana; KJ	mkd_friedman2002_phon		
mky	East Makian			phoible	Cameron; KJ	mky_Bowden1997_phon		
mky	Taba		Makian Island	phoible	Michael; KJ	mky_bowden&hajek1996.pdf		
mlf	Mal			phoible	Morgana; KJ	prt&mlf_unchalee1988_phon		
mlv	Mwotlap			phoible	Morgana		KJ: In French and not intuitively interpretable	
mnb	Muna			phoible	Veja; KJ	mnb_vandenberg1989		
mnh	Mono		Bili, Bosobolo Zone, DRC	phoible	Michael; KJ	mnh_olson2004.pdf	this is probably [mnh] http://www.ethnologue.com/show_language.asp?code=mnh not http://www.ethnologue.com/show_language.asp?code=mnr; checked, this is mnh and already entered by Morgana	
mnh	Mono			phoible	Morgana; KJ	mnh_olson2001_phon		
mni	Manipuri			phoible	Michael; KJ	mni_chelliah1992_phon		
mnk	Mandingo, Mandinka			phoible	Michael; KJ	mnk_drame1981_phon		
moc	Mocovi			phoible	Michael; KJ	moc_grondona1998_phon		
mpt	Mianmin			phoible	Morgana; KJ			
mrq	North Marquesan		Nuku Hiva	phoible	Veja; KJ	mrq_zewen1987	Not clear that the sounds discussed in the text are phonemic sounds	
muo	Bali-Kumbat			phoible	Michael;KJ	muo_kouonang1983_phon		
mva	Manam			phoible	Morgana; KJ	mva_turner1986_phon		
mwt	Moken			phoible	Morgana; KJ	mwt_veena1980_phon		
mxu	Mada		Rija 	phoible	Morgana; KJ	mxu_blench2006_phon		
myu	Mundurukú			phoible	Michael; KJ	myu_picanco2005_phon		
nag	Nagamese			phoible	Morgana; KJ	nag_bhattacharjya2001_phon		
nam	Nganikurungkurr		Daly River Area, Northern Territory	phoible	Morgana; KJ	nam_hoddinott1988_phon		
nbj	Bilinara			phoible	Michael; KJ	nbj_nordlinger1990_phon		
ncg	Nishgha			phoible	Michael; KJ	ncg_tarpent1987_phon	(Strongly suggest not using; chart and descriptions do not match; extremely unclear and confusing)	
ncl	Michoacan Nahual			phoible	Morgana; KJ	ncl_langacker1979_phon		
ndb	Kensei Nsei			phoible	Morgana; KJ	ndb_akeriweh2000_phon		
ndi	Samba Leko			phoible	Morgana; KJ	ndi_kong2004_phon		
nds	Low German		Ukrainian	phoible	Michael; KJ	nds_mierau1965_phon		
nge	Ngemba		Mankon	phoible	Morgana; KJ	nge_swiri1998_phon		
nig	Ngalakan			phoible	Morgana; KJ	nig_baker1999_phon		
niq	Nandi			phoible	Morgana; KJ	niq_creider1989_phon		
niz	Ningil			phoible	Morgana; KJ			
nla	Ngombale			phoible	Morgana; KJ	nla_voutsa2003_phon		
nld	Dutch		Hasselt	phoible	David	nld_peters2006_phon		
nld	Dutch		Hamont	phoible	David	nld_verhoeven2007_phon		
nmg	Mvumbo			phoible	Morgana; KJ	nmg_ngue2002_phon		
nml	Ndemli			phoible	Morgana; KJ	nml_ngoran1999_phon		
nmm	Manange			phoible	Morgana; KJ	nmm_hildebrandt2004_phon		
nnk	Nankina			phoible	Morgana; KJ			
nnm	Namia			phoible	Morgana; KJ	nnm_feldpausch1992_phon		
noo	Nootka; Nuuchahnulth; Nutka			phoible	Morgana; KJ	noo_davidson2002_phon		
nsh	Ngishe			phoible	Morgana; KJ	nsh_bolima1998_phon		
nus	Nuer			phoible	Morgana; KJ	nus_frank1999_phon		
nxg	Ngad'a; Ngadha			phoible	Veja; KJ	nxg_djawanai1983_phon		
nxl	Southern Nuautl			phoible	Michael; KJ	nxl_bolton1990_phon		
nyl	Nyeu			phoible	Morgana; KJ	nyl_taweeporn1998_phon		
nym	Kinyamwezi			phoible	Morgana; KJ	nym_maganga1992_phon		
nyn	Runyankore			phoible	Morgana; KJ	nyn_poletto1998_phon		
okr	Kirike			phoible	Morgana; KJ	okr_blench2005_phon		
oku	Oku			phoible	Morgana; KJ	oku_yensi1996_phon		
okv	Orokaiva			phoible	Morgana; KJ			
ona	Selknam		Central	phoible	Morgana	ona_najlis1973_phon	KJ: Cannot read language and text is not intuitively interpretable	
oon	Öñge; Ong; Onge			phoible	Veja; KJ	oon_dasgupta1982		
oss	Ossetian			phoible	Morgana; KJ	oss_hettich1997_phon		
pae	Pagibete; Apakabeti; Apakibeti; Apagibete;Apagibeti; Pagabete			phoible	Michael; KJ	pae_reeder1998_phon		
pao	Northern Paiute			phoible	Morgana; KJ	pao_thornes2003_phon		
par	Panamint			phoible	Michael; KJ	par_mclaughlin1987_phon	(might have a nasalized consonant series, but text is unclear on the point)	
pau	Palauan			phoible	Morgana; KJ	pau_josephs1975_phon		
pcm	Nigerian Pidgin			phoible	Michael; KJ	pcm_faraclas1989_phon		
pej	Northern Pomo			phoible	Michael; KJ	pej_o'connor1987_phon		
pex	Petats		Petats central	phoible	Michael; KJ	austronesian2_loving1975.pdf		
phl	Palula (Phalura)			phoible	Cameron; KJ	phl_liljegren2008_phon		
pib	Yine			phoible	Michael; KJ	pib_sebastian&marlett2008.pdf		
plg	Pilaga; Pilagá			phoible	Michael; KJ	plg_vida2001.pdf		
plg	Pilaga			phoible	Morgana; KJ	plg_vidal2001_phon		
pli	Pali			phoible	Morgana		KJ: Do Not Use; Phonemes are not give; All analysis based on alphabet, not phonemes	
plo	Oluta Popoluca; Olutec			phoible	Veja; KJ	plo_zavala2000_phon		
pmq	Northern Pame			phoible	Michael; KJ	pmg_berthiaume2003_phon	update filename	student error: pmg instead of actual pmq
poq	Texistepec Popoluca			phoible	Michael; KJ	poq_reilly2002_phon		
pos	Popoluca de Sayula			phoible	Morgana	pos_clark1995_phon	KJ: In Spanish and not intuitively interpretable	
pqm	Passamaquoddy			phoible	Michael; KJ	pqm_bruening2001_phon	Squib confirmed; DO NOT USE; This is a syntax paper that does not list phonemes	
prt	Pray		Ban Wang Saw	phoible	Morgana; KJ	prt&mlf_unchalee1988_phon		
ptp	Patep		Mahomba	phoible	Michael; KJ	austronesian2_loving1975.pdf		
quc	Quiche			phoible	Michael; KJ	quc_larsen1988_phon		
qug	Chimborazo Quichua			phoible	Michael; KJ	qug_beukema1975_phon		
qum	Sipakapense Maya			phoible	Michael; KJ	qum_barrett1999_phon		
qvh	Huallaga (Huanuco) Quechua			phoible	Michael; KJ	qvh_weber1983_phon		
qwh	Huaylas			phoible	Morgana	qwh_levengood1982_phon	KJ: In Spanish and not intuitively interpretable	
qxw	Huanca			phoible	Morgana; KJ	qxw_wroughton1996_phon		
rma	Rama			phoible	Morgana; KJ	rma_grinevald1990_phon		
ruk	Che; Rukuba; Kuche; Bache; Inchazi; Sale			phoible	Michael; KJ	ruk_wilson1996_phon		
run	Rundi			phoible	Morgana; KJ	run_rodegem1967_phon		
rwr	Marwari			phoible	Morgana; KJ	rwr_magier1983_phon		
sae	Sabanes			phoible	Morgana; KJ	sae_antunes2004_phon		
sas	Sasak		Puyang	phoible	Morgana; KJ	sas_austin1998_phon		
sbd	Samo de Toma			phoible	Morgana; KJ	sbd_platiel1979_phon		
sbf	Shabo			phoible	Morgana; KJ	sbf_teferra1991_phon		
sbs	Subiya			phoible	Michael; KJ	namibianlanguages_haack1997_phon	break these apart	
sei	Seri			phoible	Morgana; KJ	sei_marlett1981_phon		
ser	Serrano			phoible	Morgana; KJ	ser_hill1967_phon		
sey	Secoya			phoible	Morgana; KJ	sey_levinson1990_phon		
sgz	Sursurunga		East Coast	phoible	Michael; KJ	austronesian2_loving1975.pdf		
sid	Sidaama; Sidamo; Sidamic			phoible	Michael; KJ	sid_kawachi2007_phon		
sjr	Siar-Lak			phoible	Morgana; KJ	sjr_rowe2005_phon		
sjw	Shawnee			phoible	Morgana; KJ	sjw_andrews1994_phon		
skr	Siraiki		Central Pakistan	phoible	Morgana; KJ	skr_shackle1976_phon		
skv	Skou			phoible	Morgana; KJ	skv_donohue2004_phon		
slu	Selaru			phoible	Michael; KJ	slu_coward1990_phon		
slv	Slovene		Standard Slovene	phoible	Michael; KJ	slv_sustarsic&komar1995.pdf		
smq	Samo			phoible	Morgana; KJ			
sna	Shona			phoible	Morgana; KJ	sna_fortune1955_phon		
snd	Sindhi		Vicholi	phoible	Michael; KJ	snd_nihalani1995.pdf		
spo	Spokan			phoible	Morgana; KJ	spo_carlson1972_phon		
ssg	Seimat			phoible	Morgana; KJ	ssg_wozna&wilson2005_phon		
sso	Sesotho			phoible	Morgana; KJ	sso_demuth1992_phon		
str	Salish		Saanich	phoible	Morgana; KJ	str_montler2005_pdf		
stw	Satawalese			phoible	Morgana; KJ	stw_roddy2007_phon		
ulw	Sumo		Ulwa	phoible	Morgana; KJ	sum_green1999_phon		http://www.sil.org/iso639-3/chg_detail.asp?id=2009-037
suq	Suri		Tirmaga	phoible	Veja; KJ	suq_bryant1999_phon		
sva	Svan			phoible	David	sva_schmidt1991_phon		
svr	Savara			phoible	Morgana; KJ	svr_anonymous1927_phon		
swe	Swedish		Stockholm	phoible	Michael		not sure of the source for the data contained in spreadsheet	
sxm	Samre			phoible	Morgana; KJ	sxm_ploykaew2001_phon		
sza	Semelai			phoible	Morgana; KJ	sza_kruspe1999_phon		
tav	Tatuyo			phoible	Cameron; KJ	tav_bostrom1998_phon		
tcb	Tanacross			phoible	Cameron; KJ	tcb_holton2000_phon		
tcb	Tanacross			phoible	Michael; KJ	tcb_holton2000_phon		
tee	Tepehua, Huehuetla; Tepehua de Hidalgo; Tepehua de Huehuetla			phoible	Michael; KJ	tee_Kung2007_phon		
tft	Ternate			phoible	Cameron; KJ	tft_hayami2001_phon		
tgw	Tagwana			phoible	Cameron; KJ	tgw_casimir1998_phon	in German, so someone who knows German might want to check it again	
thm	So			phoible	Morgana; KJ	thm_migliazza1998_phon		
tob	Toba (Argentina)			phoible	Cameron; KJ	tob_klein1973_phon		
tol	Tolowa; Tolowa-Chetco			phoible	Michael; KJ		unknown language code: tol; ctc	took tol for the time being; investigate
ton	Tongan; Tonga			phoible	Michael	?	Cannot check since there is no record of what document Michael used either here or on the spreadsheet	
tow	Jemez			phoible	Morgana; KJ	tow_yumitani1998_phon		
tpi	Tapiete			phoible	Cameron; KJ	tpi_gonzalez2005_phon		
tpt	Tepehua			phoible	Michael; KJ	tpt_watters1988_phon		
tpz	Tinputz			phoible	Michael; KJ	austronesian2_loving1975.pdf		
tri	Tiriyo			phoible	David	tri_meira1999_phon		
trv	Sedik			phoible	Morgana; KJ	trv_asal1969_phon		
ttl	Totela			phoible	Michael; KJ	namibianlanguages_haack1997_phon	break these apart	
tvd	Tsuvadi; Avadi; Abadi; Evadi; Kamberi; Ibeto			phoible	Michael; KJ	tvd_lovelace1992_phon		
txx	Tatana'; Tatanaq; Tatana			phoible	Michael; KJ	txx_dillon1994_phon		
tzo	Tzotzil, Chamula		Petalcingo dialect	phoible	Michael; KJ	tzc_shlovsky2005_phon	update filename; update population figures when new Ethno	merge with tzo: http://www.sil.org/iso639-3/documentation.asp?id=tzc
tzj	Tzutujil		San Juan	phoible	Cameron; KJ	tzt_dayley1981_phon		merge with tzj: http://www.sil.org/iso639-3/chg_detail.asp?id=2008-062
ukr	Ukrainian			phoible	Cameron; KJ	ukr_pugh1999_phon		
usa	Usarufa			phoible	Morgana; KJ	usa_bee1965_phon		
ute	Southern Ute; Ute; Ute-Southern Paiute			phoible	Michael; KJ	ute_oberly2008_phon		
uvh	Urii			phoible	Morgana; KJ			
vai	Vai			phoible	Cameron; KJ			
var	Warihio (Huarijio)			phoible	Cameron; KJ	var_armendariz2005_phon		
was	Washo			phoible	Cameron; KJ	was_jacobsen1964_phon		
way	Wayana			phoible	Cameron; KJ	way_silva-tavares2005_phon		
wbm	Wa		Ban Santisuk Moo	phoible	Cameron; KJ	wbm_wattana1998_phon		
wms	Wambon			phoible	Cameron; KJ	wms_vries1992_phon		
woc	Wogeo			phoible	Cameron; KJ	woc_exter2003_phon	in German; someone who knows German might want to check it again	
wos	Hanga Hundi; Kwasengen; West Wosera			phoible	Michael; KJ	wos_wendal1993_phon		
wya	Huron			phoible	Morgana	wya_lagarde1980_phon	KJ: In French, phonemes probably okay, but cannot check allophones	
xmf	Mingrelian		Senak	phoible	Morgana; KJ	xmf_harris1991_phon		
xmt	Matbat			phoible	Morgana; KJ	xmt_remijsen2002		
xrb	Kar			phoible	Morgana; KJ	xrb_wichser1994_phon		
xub	Betta Kurumba			phoible	Michael; KJ	xub_coelho2003_phon		
xwa	Kwaza			phoible	Morgana; KJ	xwa_voort2004_phon		
xxk	Ke'o; Kéo		Udiworowatu	phoible	Veja; KJ	xxk_baird2002_phon		
yal	Jalonke			phoible	Morgana; KJ	yal_Lupke2005_phon		
yap	Yapese			phoible	Cameron; KJ	yap_ballantyne2005_phon		
yey	Yeyi			phoible	Morgana; KJ	namibianlanguages_haacke1997_phon	break these apart	
yll	Yil			phoible	Morgana; KJ			
yok	Yokuts		Yawelmani	phoible	Morgana	nativeamerica_bloomfield1944_phon	break these apart; KJ: Do Not Use; No Phonemic Inventory given	
yuc	Yuchi			phoible	Michael; KJ	yuc_linn2001_phon		
yuk	Yuki		Coast	phoible	Cameron; KJ	yuk_schlicter1985_phon	Not clear in the text what phonemes are being posited for vowels 	
yum	Yuma			phoible	Morgana; KJ	nativeamerica_bloomfield1944_phon	break these apart	
yur	Yurok			phoible	Cameron; KJ	yur_robins1958_phon		
yux	Yukaghir		Kolyma	phoible	Cameron; KJ	yux_maslova2003_phon		
ywn	Shanenawa			phoible	Morgana; KJ	ywn_vieira2004_phon		
zab	Tlacolula Valley Zapotec; Western Tlacolula Zapotec; Zapotec, San Juan Guelavía			phoible	Michael; KJ	zab_lillehaugen2006_phon		
zoh	Zoque		San Miguel Chimalapa	phoible	Cameron; KJ	zoh_johnson2000_phon		
zpq	San Bartolomé Zoogocho Zapotec			phoible	Michael; KJ	zpq_sonnenschein2004_phon		
ztp	 Zapotec		Loxicha	phoible	Cameron; KJ	ztp_beam2004_phon		
arg	Aragonese			phoible; JIPA	Michael; KJ	arg_Mott2007_phon		
cat	Catalan		Barcelona	phoible; JIPA	Michael; KJ	cat_Carbonell1992_phon		
ces	Czech		Prague	phoible; JIPA	Michael; KJ	ces_dankovicova1997_phon		
cmn	Standard Chinese; Mandarin			phoible; JIPA	Michael; KJ	cmn_Lee&Zee2003_phon		
gay	Gayo			phoible; JIPA	Michael; KJ	gay_Eades&Hajeck2006_phon		
glg	Galician			phoible; JIPA	Michael; KJ	glg_Regueira1996_phon		
hrv	Croatian			phoible; JIPA	Michael; KJ	hrv_Landau1995_phon		
ibb	Ibibio			phoible; JIPA	Michael; KJ	ibb_Urua2004_phon		
ijn	Kalabari; Kirike; Kalabari-Ijo			phoible; JIPA	Michael; KJ	ijn_Harry2003_phon		
ind	Indonesian		Central Java	phoible; JIPA	Michael; KJ	ind_Soderberg2008_phon		
ita	Italian		Mainstream Italian'	phoible; JIPA	Michael; KJ	ita_Rogers2004_phon		
jam	Jamaican Creole			phoible; JIPA	Michael; KJ	jam_Harry2006_phon		
kbp	Kabiye		Somdina	phoible; JIPA	Michael; KJ	kbp_Padayodi2008_phon		
mcs	Mambay; Mambai			phoible; JIPA	Michael; KJ	mcs_Anonby2006_phon		
mla	Tamambo; Malo			phoible; JIPA	Michael; KJ	mla_Jauncey&Riehl2005_phon		
nld	Belgian Standard Dutch			phoible; JIPA	Michael; KJ	nld_Verhoeven2005_phon		
pol	Polish			phoible; JIPA	Michael; KJ	pol_Jassem2003_phon		
qxl	Salasaca Quichua			phoible; JIPA	Michael; KJ	qxl_masaquiza2008_phon		
sei	Seri			phoible; JIPA	Michael; KJ	sei_Astorga&Herrera&Marlett2005_phon	duplicate entries in the stylesheet; (KJ: checked one entry using Marlett2005)	
tam	Tamil			phoible; JIPA	Michael; KJ	tam_Keane2004_phon		
ydd	Standard Yiddish			phoible; JIPA	Michael; KJ	yiddish.pdf	squib is not correct, probably yiddish.pdf in the JIPA folder	
zts	Tilquiapan Zapotec			phoible; JIPA	Michael; KJ	zts_Merrill2008_phon		
ain	Ainu			SPA	Steve	ain_SPA1979_phon		
aka	Akan			SPA	Steve	aka_SPA1979_phon		
akz	Alabama			SPA	Steve	akz_SPA1979_phon		
ale	Aleut			SPA	Steve	ale_SPA1979_phon		
alh	Alawa			SPA	Steve	alh_SPA1979_phon		
amc	Amahuaca			SPA	Steve	amc_SPA1979_phon		
ame	Amuesha			SPA	Steve	ame_SPA1979_phon		
amh	Amharic			SPA	Steve	amh_SPA1979_phon		
anc	Angas			SPA	Steve	anc_SPA1979_phon		
ant	Western Desert			SPA	Steve	ant_SPA1979_phon		
apn	Apinaye			SPA	Steve	apn_SPA1979_phon		
arn	Araucanian			SPA	Steve	arn_SPA1979_phon		
ary	Moroccan Arabic			SPA	Steve	ary_SPA1979_phon		
arz	Egyptian Arabic			SPA	Steve	arz_SPA1979_phon		
auy	Auyana			SPA	Steve	auy_SPA1979_phon		
awn	Awiya			SPA	Steve	awn_SPA1979_phon		
jqr	Aymara	updated from ayr based on UPSID/WALS citation		SPA	Steve	ayr_SPA1979_phon		
azj	Azerbaijani	PHOIBLE GUESS		SPA	Steve	aze_SPA1979_phon	macro language: http://www.ethnologue.com/show_language.asp?code=aze	updated to azj due to WALS citation
adz	Adzera	LANGUAGES SPLIT IN E16		SPA	Steve	azr_SPA1979_phon		CODE HAS CHANGED
ben	Bengali			SPA	Steve	ben_SPA1979_phon		
beq	Beembe			SPA	Steve	beq_SPA1979_phon		
bre	Breton			SPA	Steve	bre_SPA1979_phon		
bsk	Burushaski			SPA	Steve	bsk_SPA1979_phon		
bao	Barasano			SPA	Steve	bsn_SPA1979_phon	updated from bsn to bao due to WALS	
bul	Bulgarian			SPA	Steve	bul_SPA1979_phon		
bbc	Batak			SPA	Steve	bya_SPA1979_phon	updated from bya to btx due to WALS; updated from btx to bbc due to WALS	
cao	Chacobo			SPA	Steve	cao_SPA1979_phon		
car	Carib			SPA	Steve	car_SPA1979_phon		
cbi	Cayapa			SPA	Steve	cbi_SPA1979_phon		
cha	Chamorro			SPA	Steve	cha_SPA1979_phon		
chf	Chontal			SPA	Steve	chf_SPA1979_phon		
chp	Chipewyan			SPA	Steve	chp_SPA1979_phon		
chv	Chuvash			SPA	Steve	chv_SPA1979_phon		
cja	Cham			SPA	Steve	cjm_SPA1979_phon	updated cjm to cja due to WALS	
ckt	Chukchi			SPA	Steve	ckt_SPA1979_phon		
cmn	Mandarin Chinese			SPA	Steve	cmn_SPA1979_phon		
cni	Campa			SPA	Steve	cni_SPA1979_phon		
crb	Island Carib			SPA	Steve	crb_SPA1979_phon	extinct	
dag	Dagbani			SPA	Steve	dag_SPA1979_phon		
lkt	Dakota			SPA	Steve	dak_SPA1979_phon	updated from dak to lkt due to WALS	
dap	Dafla			SPA	Steve	dap_SPA1979_phon		
deu	German			SPA	Steve	deu_SPA1979_phon		
dih	Digueno			SPA	Steve	dih_SPA1979_phon		
ell	Modern Greek			SPA	Steve	ell_SPA1979_phon		
eng	English			SPA	Steve	eng_SPA1979_phon		
eus	Basque			SPA	Steve	eus_SPA1979_phon		
eve	Even			SPA	Steve	eve_SPA1979_phon		
ewe	Ewe			SPA	Steve	ewe_SPA1979_phon		
fia	Mahas-Fiyadikka		Nobiin	SPA	Steve	fia_SPA1979_phon		
fin	Finnish			SPA	Steve	fin_SPA1979_phon		
fra	French			SPA	Steve	fra_SPA1979_phon		
gaa	Ga			SPA	Steve	gaa_SPA1979_phon		
gaj	Gadsup			SPA	Steve	gaj_SPA1979_phon		
gbp	Gbeya			SPA	Steve	gbp_SPA1979_phon		
gle	Irish Gaelic			SPA	Steve	gle_SPA1979_phon		
grt	Garo			SPA	Steve	grt_SPA1979_phon		
guc	Goajiro			SPA	Steve	guc_SPA1979_phon		
gug	Guarani			SPA	Steve	gug_SPA1979_phon		
hak	Hakka			SPA	Steve	hak_SPA1979_phon		
hau	Hausa			SPA	Steve	hau_SPA1979_phon		
haw	Hawaiian			SPA	Steve	haw_SPA1979_phon		
hdn	Haida			SPA	Steve	hdn_SPA1979_phon	unknown language code: xxx;hdn;hax northern or southern?	
heb	Modern Hebrew			SPA	Steve	heb_SPA1979_phon		
hin	Hindi-Urdu			SPA	Steve	hin_SPA1979_phon		
hop	Hopi			SPA	Steve	hop_SPA1979_phon		
jiv	Jivaro			SPA	Steve	hub_SPA1979_phon	updated from hub to jiv due to Ethnologue -- note this might be wrong the two sources disagree	double check this with WALS / Ethnologue
hun	Hungarian			SPA	Steve	hun_SPA1979_phon		
hup	Hupa			SPA	Steve	hup_SPA1979_phon		
hye	Armenian			SPA	Steve	hye_SPA1979_phon		
iai	Iai			SPA	Steve	iai_SPA1979_phon		
ibo	Igbo			SPA	Steve	ibo_SPA1979_phon		
ign	Moxo			SPA	Steve	ign_SPA1979_phon		
irk	Iraqw			SPA	Steve	irk_SPA1979_phon		
isl	Icelandic			SPA	Steve	isl_SPA1979_phon		
ito	Itonama			SPA	Steve	ito_SPA1979_phon		
ium	Yao			SPA	Steve	ium_SPA1979_phon		
jav	Javanese			SPA	Steve	jav_SPA1979_phon		
jpn	Japanese			SPA	Steve	jpn_SPA1979_phon		
kal	Inuit			SPA	Steve	kal_SPA1979_phon		
kas	Kashimiri			SPA	Steve	kas_SPA1979_phon		
kat	Georgian			SPA	Steve	kat_SPA1979_phon		
kbd	Kabardian			SPA	Steve	kbd_SPA1979_phon		
kca	Ostyak		Xanty	SPA	Steve	kca_SPA1979_phon	Another language called Eastern Khanty with the same language code	
ket	Ket			SPA	Steve	ket_SPA1979_phon		
kfe	Kota			SPA	Steve	kfe_SPA1979_phon		
kha	Khasi			SPA	Steve	kha_SPA1979_phon		
khk	Khalkha			SPA	Steve	khk_SPA1979_phon		
khl	Kaliai			SPA	Steve	khl_SPA1979_phon		
khm	Cambodian		Khmer	SPA	Steve	khm_SPA1979_phon		
khr	Kharia			SPA	Steve	khr_SPA1979_phon		
kir	Kirghiz			SPA	Steve	kir_SPA1979_phon		
kjn	Kunjen			SPA	Steve	kjn_SPA1979_phon		
kmo	Washkuk		Kwoma	SPA	Steve	kmo_SPA1979_phon		
knc	Kanuri			SPA	Steve	knc_SPA1979_phon		
kpv	Komi	PHOIBLE GUESS		SPA	Steve	kom_SPA1979_phon	A macrolanguage of Russian Federation (Europe)	took kpv -- more speakers
kor	Korean			SPA	Steve	kor_SPA1979_phon		
kru	Kurukh			SPA	Steve	kru_SPA1979_phon		
ksw	Karen			SPA	Steve	ksw_SPA1979_phon		
kup	Kunimaipa			SPA	Steve	kup_SPA1979_phon		
kwk	Kwakiutl			SPA	Steve	kwk_SPA1979_phon		
kyh	Karok			SPA	Steve	kyh_SPA1979_phon		
lbc	Lakkia			SPA	Steve	lbc_SPA1979_phon		
lbe	Lak			SPA	Steve	lbe_SPA1979_phon		
lgg	Logbara			SPA	Steve	lgg_SPA1979_phon		
lhu	Lahu			SPA	Steve	lhu_SPA1979_phon		
lit	Lithuanian			SPA	Steve	lit_SPA1979_phon		
lue	Luvale			SPA	Steve	lue_SPA1979_phon		
lui	Luiseno			SPA	Steve	lui_SPA1979_phon		
luo	Luo			SPA	Steve	luo_SPa1979_phon		
maq	Mazateco			SPA	Steve	maq_SPA1979_phon	double check resource and grab it online: http://www.ethnologue.com/show_work.asp?id=16044#view  http://www.ethnologue.com/show_work.asp?id=16043#view  http://www.ethnologue.com/show_work.asp?id=15239#view	
mas	Maasai			SPA	Steve	mas_SPA1979_phon		
maz	Mazahua			SPA	Steve	maz_SPA1979_phon		
mhr	Cheremis			SPA	Steve	mhr_SPA1979_phon		
mig	Mixtec			SPA	Steve	mig_SPA1979_phon		
mlt	Maltese			SPA	Steve	mlt_SPA1979_phon		
mph	Maung			SPA	Steve	mph_SPA1979_phon		
mri	Maori			SPA	Steve	mri_SPA1979_phon		
mrt	Margi			SPA	Steve	mrt_SPA1979_phon		
mya	Burmese			SPA	Steve	mya_SPA1979_phon		
naq	Nama			SPA	Steve	naq_SPA1979_phon		
nas	Nasioi			SPA	Steve	nas_SPA1979_phon		
nav	Navaho			SPA	Steve	nav_SPA1979_phon		
nez	Nez Perce			SPA	Steve	nez_SPA1979_phon		
niv	Gilyak		Amur	SPA	Steve	niv_SPA1979_phon		
nmu	Maidu			SPA	Steve	nmu_SPA1979_phon		
nna	Nyangumata			SPA	Steve	nna_SPA1979_phon		
nob	Norwegian			SPA	Steve	nob_SPA1979_phon		language code updated from nob to nor
noo	Nootka		Kyuquot	SPA	Steve	noo_SPA1979_phon		
nuy	Nunggubuyu			SPA	Steve	nuy_SPA1979_phon		
oca	Ocaina			SPA	Steve	oca_SPA1979_phon		
ojg	Ojibwa		Eastern	SPA	Steve	ojg_SPA1979_phon	unknown language code: xxx;ojg	
one	Oneida			SPA	Steve	one_SPA1979_phon		
ood	Pima		Bajo or Tohono O’odham	SPA	Steve	ood_SPA1979_phon	unknown language code: xxx;ood;pia -- verify: http://www.ethnologue.com/show_language.asp?code=ood	
ote	Otomi		Mezquital	SPA	Steve	ote_SPA1979_phon		
pan	Punjabi			SPA	Steve	pan_SPA1979_phon		
pbb	Paez			SPA	Steve	pbb_SPA1979_phon		
pcc	Yay			SPA	Steve	pcc_SPA1979_phon	unknown language code: xxx;pcc http://www.ethnologue.com/show_language.asp?code=pcc	
pes	Persian		Farsi	SPA	Steve	pes_SPA1979_phon		
plt	Malagasy			SPA	Steve	plt_SPA1979_phon		
pom	Pomo		Southeastern	SPA	Steve	pom_SPA1979_phon	unknown language code: xxx; pom	
por	Portuguese		Brazilian	SPA	Steve	por_SPA1979_phon		
pst	Pashto			SPA	Steve	pbt_SPA1979_phon	unknown language code: not certain of dialect: xxx;pst;pbu;pbt	
quh	Quechua			SPA	Steve	quh_SPA1979_phon 	unknown language code: xxx;quh	
rif	Shilha			SPA	Steve	rif_SPA1979_phon		
ron	Rumanian			SPA	Steve	ron_SPA1979_phon		
rus	Russian			SPA	Steve	rus_SPA1979_phon		
sah	Yakut			SPA	Steve	sah_SPA1979_phon		
sed	Sedang			SPA	Steve	sed_SPA1979_phon		
see	Seneca			SPA	Steve	see_SPA1979_phon		
ses	Songhai			SPA	Steve	ses_SPA1979_phon	unknown language code: xxx;ses	
set	Sentani			SPA	Steve	set_SPA1979_phon		
sin	Sinhalese			SPA	Steve	sin_SPA1979_phon		
snv	Sa'ban			SPA	Steve	snv_SPA1979_phon		
som	Somali			SPA	Steve	som_SPA1979_phon		
spa	Spanish			SPA	Steve	spa_SPA1979_phon		
spl	Selepet			SPA	Steve	spl_SPA1979_phon		
als	Albanian			SPA	Steve	sqi_SPA1979_phon	macro language: http://www.ethnologue.com/show_language.asp?code=sqi	
squ	Squamish			SPA	Steve	squ_SPA1979_phon		
srq	Siriono			SPA	Steve	srq_SPA1979_phon		
str	Salish			SPA	Steve	str_SPA1979_phon		
sun	Sundanese		Sunda	SPA	Steve	sun_SPA1979_phon		
swh	Swahili			SPA	Steve	swh_SPA1979_phon		
tay	Atayal			SPA	Steve	tay_SPA1979_phon		
tca	Ticuna			SPA	Steve	tca_SPA1979_phon		
tel	Telugu			SPA	Steve	tel_SPA1979_phon		
tew	Tewa			SPA	Steve	tew_SPA1979_phon		
tgl	Tagalog			SPA	Steve	tgl_SPA1979_phon		
tha	Thai			SPA	Steve	tha_SPA1979_phon		
tig	Tigre			SPA	Steve	tig_SPA1979_phon		
tix	Tiwa			SPA	Steve	tix_SPA1979_phon		
tlf	Telefol			SPA	Steve	tlf_SPA1979_phon		
tml	Asmat			SPA	Steve	tml_SPA1979_phon		
tol	Chasta Costa			SPA	Steve	tol_SPA1979_phon		
top	Totonac			SPA	Steve	top_SPA1979_phon		
tsz	Tarascan			SPA	Steve	tsz_SPA1979_phon		
tun	Tunica			SPA	Steve	tun_SPA1979_phon		
tur	Turkish			SPA	Steve	tur_SPA1979_phon		
tzh	Tzeltal			SPA	Steve	tzh_SPA1979_phon		
unm	Delaware		Unami	SPA	Steve	unm_SPA1979_phon		
unr	Mundari			SPA	Steve	unr_SPA1979_phon		
vie	Vietnamese			SPA	Steve	vie_SPA1979_phon		
wap	Wapishana			SPA	Steve	wap_SPA1979_phon		
wic	Wichita			SPA	Steve	wic_SPA1979_phon		
wim	Wik-Munkan			SPA	Steve	wim_SPA1979_phon		
wol	Wolof			SPA	Steve	wol_SPA1979_phon		
wuu	Wu			SPA	Steve	wuu_SPA1979_phon		
xpe	Kpelle			SPA	Steve	xpe_SPA1979_phon		SPA and WALS both cite Welmers1962, which OLAC says is about xpe:"liberian kpelle" (not gkp:"guinea kpelle" or knu:"kono").  See http://wals.info/refdb/record/Welmers-1962 and http://www.language-archives.org/item/oai:refdb.wals.info:896
xtc	Katcha			SPA	Steve	xtc_SPA1979_phon		
ykg	Yukaghir			SPA	Steve	ykg_SPA1979_phon		
yrk	Yurak		Nenets	SPA	Steve	yrk_SPA1979_phon		
yuc	Yuchi			SPA	Steve	yuc_SPA1979_phon		
yue	Cantonese		Yue	SPA	Steve	yue_SPA1979_phon		
zmr	Maranungku		Maranunggu (alt. name)	SPA	Steve	zmr_SPA1979_phon		
zoc	Zoque		Copainala	SPA	Steve	zoc_SPA1979_phon		
zsm	Malay			SPA	Steve	zsm_SPA1979_phon		
zul	Zulu			SPA	Steve	zul_SPA1979_phon		
zun	Zuni			SPA	Steve	zun_SPA1979_phon		
acv	ACHUMAWI			UPSID	Steve	acv_UPSID1984_phon		
aer	ARRERNTE			UPSID	Steve	aer_UPSID1984_phon		
aey	AMELE			UPSID	Steve			
agm	ANGAATIHA			UPSID	Steve			
agq	AGHEM			UPSID	Steve			
ahp	AIZI			UPSID	Steve			
aht	AHTNA			UPSID	Steve			
ain	AINU			UPSID	Steve	ain_UPSID1984_phon		
aka	AKAN			UPSID	Steve	aka_UPSID1984_phon		
ake	AKAWAIO			UPSID	Steve			
akz	ALABAMA			UPSID	Steve	akz_UPSID1984_phon		
alc	QAWASQAR			UPSID	Steve			
ald	ALLADIAN			UPSID	Steve			
ale	ALEUT			UPSID	Steve	ale_UPSID1984_phon		
alh	ALAWA			UPSID	Steve	alh_UPSID1984_phon		
amc	AMAHUACA			UPSID	Steve	amc_UPSID1984_phon		
ame	AMUESHA			UPSID	Steve	ame_UPSID1984_phon		
amf	HAMER			UPSID	Steve	amf_UPSID194_phon		
amh	AMHARIC			UPSID	Steve	amh_UPSID1984_phon		
amo	AMO			UPSID	Steve	amo_UPSID1984_phon		
amp	ALAMBLAK			UPSID	Steve			
amu	AMUZGO			UPSID	Steve			
anc	ANGAS			UPSID	Steve	anc_UPSID1984_phon		
ano	ANDOKE			UPSID	Steve			
ant	WESTERN DESERT			UPSID	Steve	ant_UPSID1984_phon		
apn	APINAYE			UPSID	Steve	apn_UPSID1984_phon		
apq	ANDAMANESE			UPSID	Steve	xxx_UPSID1984_phon	apq was chosen because The Andaman Islands by Radcliffe-Brown, A. R. (1948) in WALS (in UPSID refs Radcliffe-Brown, A. 1914. Notes on the languages of the Andaman Islands. Anthropos 9: 36-52. and Voegelin, C.F. and Voegelin, F.M. 1966. [Andamanese]. Languages of the World: Indo-Pacific Fascicle 8 (Anthropological Linguistics 8/4): 10-13. were used	
aqc	ARCHI			UPSID	Steve			
arz	ARABIC			UPSID	Steve	arb_UPSID1984_phon	updated from arb to arz due to WALS	
arl	ARABELA			UPSID	Steve	arl_UPSID1984_phon		
arn	ARAUCANIAN			UPSID	Steve	arn_UPSID1984_phon		
auc	AUCA			UPSID	Steve	auc_UPSID1984_phon		
ava	AVAR			UPSID	Steve			
awn	AWIYA			UPSID	Steve	awn_UPSID1984_phon		
axb	ABIPON			UPSID	Steve	axb_UPSID1984_phon		
azj	AZERBAIJANI			UPSID	Steve	aze_UPSID1984_phon	macro language: http://www.ethnologue.com/show_language.asp?code=aze	updated from azb due to WALS
adz	ADZERA			UPSID	Steve	azr_UPSID1984_phon		
bak	BASHKIR			UPSID	Steve	bak_UPSID1984_phon		
bam	BAMBARA			UPSID	Steve	bam_UPSID1984_phon		
bba	BARIBA			UPSID	Steve	bba_UPSID1984_phon		
bbl	BATS			UPSID	Steve			
bbo	BOBO-FING			UPSID	Steve		check resources	
bca	BAI			UPSID	Steve			
bcj	BARDI			UPSID	Steve	bcj_UPSID1984_phon		
bcs	KOHUMONO			UPSID	Steve			
bdl	SAMA			UPSID	Steve			
bdy	BANDJALANG			UPSID	Steve	bdy_UPSID1984_phon		
bej	BEJA			UPSID	Steve	bej_UPSID1984_phon		
ben	BENGALI			UPSID	Steve	ben_UPSID1984_phon		
beq	BEEMBE			UPSID	Steve	beq_UPSID1984_phon		
bev	BETE			UPSID	Steve			
bib	BISA			UPSID	Steve	bib_UPSID1984_phon		
bkq	BAKAIRI			UPSID	Steve			
blc	BELLA COOLA			UPSID	Steve			
bmr	MUINANE			UPSID	Steve	bmr_UPSID1984_phon		
bom	BIROM			UPSID	Steve	bom_UPSID1984_phon		
bor	BORORO			UPSID	Steve			
brb	BRAO			UPSID	Steve			
bre	BRETON			UPSID	Steve	bre_UPSID1984_phon		
brh	BRAHUI			UPSID	Steve	brh_UPSID1984_phon		
brv	BRUU			UPSID	Steve			
brx	BODO			UPSID	Steve	brx_UPSID1984_phon		
bsk	BURUSHASKI			UPSID	Steve	bsk_UPSID1984_phon		
bao	BARASANO			UPSID	Steve	bsn_UPSID1984_phon	updated from bsn to bao due to WALS	
bul	BULGARIAN			UPSID	Steve	bul_UPSID1984_phon		
bvr	BURARRA			UPSID	Steve	bvr_UPSID1984_phon		
bbc	BATAK			UPSID	Steve	bya_UPSID1984_phon	updated from bya to btx due to WALS; updated from btx to bbc due to WALS	
byx	BAINING			UPSID	Steve			
bzd	BRIBRI			UPSID	Steve	bzd_UPSID1984_phon		
cad	CADDO			UPSID	Steve			
cag	ASHUSLAY	Nivaclé		UPSID	Steve	cag_UPSID1984_phon		
car	CARIB			UPSID	Steve	car_UPSID1984_phon		
cbi	CAYAPA			UPSID	Steve	cbi_UPSID1984_phon		
cbn	NYAH KUR			UPSID	Steve			
cbv	CACUA			UPSID	Steve			
cdo	FUZHOU			UPSID	Steve	cdo_UPSID1984_phon		
cha	CHAMORRO			UPSID	Steve	cha_UPSID1984_phon		
chp	CHIPEWYAN			UPSID	Steve	chp_UPSID1984_phon		
chq	HIGHLAND CHINANTEC			UPSID	Steve			
chr	CHEROKEE			UPSID	Steve			
chv	CHUVASH			UPSID	Steve	chv_UPSID1984_phon		
cjh	UPPER CHEHALIS			UPSID	Steve			
cja	CHAM			UPSID	Steve	cjm_UPSID1984_phon	updated cjm to cja due to WALS	
cjv	CHUAVE			UPSID	Steve	cjv_UPSID1984_phon		
ckt	CHUKCHI			UPSID	Steve	ckt_UPSID1984_phon		
cmn	MANDARIN			UPSID	Steve	cmn_UPSID1984_phon		
cnh	LAI			UPSID	Steve			
cni	CAMPA			UPSID	Steve	cni_UPSID1984_phon		
con	COFAN			UPSID	Steve	con_UPSID1984_phon		
cou	KONYAGI			UPSID	Steve		fyi - reference WALS	
cqd	HMONG	Miao	Dananshan Miao	UPSID	Steve		UPSID lists as "Hmong" and cites Purnell1972.  Code is correct, see "library search" sheet for resource	checked original source.  Correct code is CQD.  2010-11-05, DRM & RW
crb	ISLAND CARIB			UPSID	Steve	crb_UPSID1984_phon		
ctd	TIDDIM CHIN			UPSID	Steve	ctd_UPSID1984_phon		
ctp	CHATINO			UPSID	Steve	ctp_UPSID1984_phon	double check and grab resource: http://www.ethnologue.com/show_work.asp?id=12133#view	
cub	CUBEO			UPSID	Steve			
cyb	CAYUVAVA			UPSID	Steve			
daa	DANGALEAT			UPSID	Steve			
daf	DAN			UPSID	Steve	daf_UPSID1984_phon		
dag	DAGBANI			UPSID	Steve	dag_UPSID1984_phon		
daj	DAJU			UPSID	Steve			
lkt	DAKOTA			UPSID	Steve	dak_UPSID1984_phon	updated from dak to lkt due to WALS	
dal	DAHALO			UPSID	Steve			
dap	DAFLA			UPSID	Steve	dap_UPSID1984_phon		
dts	DOGON			UPSID	Steve			
dbl	DYIRBAL			UPSID	Steve			
deu	GERMAN			UPSID	Steve	deu_UPSID1984_phon		
dif	DIYARI			UPSID	Steve	dif_UPSID1984_phon		
dih	DIEGUENO			UPSID	Steve	dih_UPSID1984_phon		
dip	DINKA			UPSID	Steve			
dni	DANI			UPSID	Steve	dni_UPSID1984_phon		
doc	KAM			UPSID	Steve	doc_UPSID1984_phon		
dow	DOAYO			UPSID	Steve	dow_UPSID1984_phon		
dru	RUKAI			UPSID	Steve	dru_UPSID1984_phon		
dta	DAGUR			UPSID	Steve			
duj	YOLNGU			UPSID	Steve			
dyo	DIOLA			UPSID	Steve	dyo_UPSID1984_phon		
efi	EFIK			UPSID	Steve	efi_UPSID1984_phon		
ekg	EKARI			UPSID	Steve			
ell	GREEK			UPSID	Steve	ell_UPSID1984_phon		
ess	YUPIK			UPSID	Steve			
etu	EJAGHAM			UPSID	Steve			
eus	BASQUE			UPSID	Steve			
eve	EVEN			UPSID	Steve			
ewe	EWE			UPSID	Steve	ewe_UPSID1984_phon		
ewo	EWONDO			UPSID	Steve			
eya	EYAK			UPSID	Steve			
faa	FASU			UPSID	Steve	faa_UPSID1984_phon		
fij	FIJIAN			UPSID	Steve			
fin	FINNISH			UPSID	Steve	fin_UPSID1979_phon		
fmp	FE?FE?			UPSID	Steve			
fra	FRENCH			UPSID	Steve	fra_UPSID1984_phon		
fun	IATE			UPSID	Steve			
fvr	FUR			UPSID	Steve	fvr_UPSID1984_phon		
fwa	PO-AI			UPSID	Steve	fwa_UPSID1984_phon		
gaa	GA			UPSID	Steve	gaa_UPSID1984_phon		
gaj	GADSUP			UPSID	Steve	gaj_UPSID1984_phon		
gbc	GARAWA			UPSID	Steve			
gbp	GBEYA			UPSID	Steve	gbp_UPSID1984_phon		
gbr	GWARI			UPSID	Steve		see "library search" sheet.  possible codes: gbr, gby.  UPSID, WALS, and OLAC all cite Hyman & Magaji 1970; OLAC entry lists both codes.  http://www.language-archives.org/item/oai:refdb.wals.info:394	checked original source.  Correct code is GBR.  2010-11-05, DRM & RW
mhr	MARI			UPSID	Steve			
gio	GELAO			UPSID	Steve			
gld	NANAI			UPSID	Steve	gld_UPSID1984_phon		
gle	IRISH			UPSID	Steve	gle_UPSID1984_phon		
gmo	KULLO			UPSID	Steve	gmo_UPSID1984_phon		
guc	GUAJIRO			UPSID	Steve	guc_UPSID1984_phon		
gug	GUARANI			UPSID	Steve	gug_UPSID1984_phon		
guh	GUAHIBO			UPSID	Steve	guh_UPSID1984_phon		
gum	GUAMBIANO			UPSID	Steve			
guq	ACHE			UPSID	Steve			
gvn	GUGU-YALANDYI			UPSID	Steve	gvn_UPSID1984_phon		
hak	HAKKA			UPSID	Steve	hak_UPSID1984_phon		
hau	HAUSA			UPSID	Steve	hau_UPSID1984_phon		
haw	HAWAIIAN			UPSID	Steve	haw_UPSID1984_phon		
hdn	HAIDA			UPSID	Steve	hdn_UPSID1984_phon	unknown language code; northern or southern?	
hin	HINDI-URDU			UPSID	Steve	hin_UPSID1984_phon		
hix	HIXKARYANA			UPSID	Steve			
hop	HOPI			UPSID	Steve	hop_UPSID1984_phon		
hts	HADZA			UPSID	Steve			
jiv	JIVARO			UPSID	Steve	jiv_UPSID1984_phon	updated from hub to jiv due to Ethnologue -- note this might be wrong the two sources disagree	double check this with WALS / Ethnologue
huv	HUAVE			UPSID	Steve		updated from hue to huv due to WALS	
hun	HUNGARIAN			UPSID	Steve	hun_UPSID1984_phon		
hup	HUPA			UPSID	Steve	hup_UPSID1984_phon		
hus	HUASTECO			UPSID	Steve		WALS is wrong here -- says hsf, but hsf is also merged with hva into hus	merge with hus: http://www.sil.org/iso639-3/documentation.asp?id=hva
hye	ARMENIAN			UPSID	Steve	hye_UPSID1984_phon		
iai	IAI			UPSID	Steve	iai_UPSID1984_phon		
iba	IBAN			UPSID	Steve			
ibo	IGBO			UPSID	Steve	ibo_UPSID1984_phon		
ign	MOXO			UPSID	Steve	ign_UPSID1984_phon		
ijc	KOLOKUMA IJO			UPSID	Steve		get resource and double check; Ethnologue: "Kolokuma dialect used in adult education."	
ikx	IK			UPSID	Steve	ikx_UPSID1984_phon		
irh	IRARUTU			UPSID	Steve			
irk	IRAQW			UPSID	Steve	irk_UPSID1984_phon		
irn	IRANXE			UPSID	Steve			
iso	ISOKO			UPSID	Steve			
itl	ITELMEN			UPSID	Steve			
ito	ITONAMA			UPSID	Steve	ito_UPSID1984_phon		
ium	MIEN	Yao		UPSID	Steve	ium_UPSID1984_phon		
ivv	IVATAN			UPSID	Steve			
iwm	IWAM			UPSID	Steve	iwm_UPSID1984_phon		
jac	JACALTEC			UPSID	Steve			
jao	YANYUWA			UPSID	Steve			
jav	JAVANESE			UPSID	Steve			
jeb	JEBERO			UPSID	Steve			
jic	TOL			UPSID	Steve			
tlo	JOMANG			UPSID	Steve			
jpn	JAPANESE			UPSID	Steve	jpn_USPID1984_phon		
jqr	JAQARU			UPSID	Steve	jqr_UPSID1984_phon		
jru	JAPRERIA			UPSID	Steve			
kac	JINGPHO			UPSID	Steve	kac_UPSID1984_phon		
kal	INUIT			UPSID	Steve			
kas	KASHMIRI			UPSID	Steve	kas_UPSID1984_phon		
kat	GEORGIAN			UPSID	Steve	kat_UPSID1984_phon		
knc	KANURI			UPSID	Steve	kau_UPSID1984_phon	get resource; macro language: http://www.ethnologue.com/show_language.asp?code=kau	changed from kau (macrolanguage code) to knc (kanuri, central) because WALS lists 2 of UPSID's 3 publications as knc, http://wals.info/languoid/lect/wals_code_knr
kbd	KABARDIAN			UPSID	Steve	kbd_UPSID1984_phon		
kbh	CAMSA			UPSID	Steve			
kbk	KOIARI			UPSID	Steve	kbk_UPSID1984_phon		
kbr	KEFA			UPSID	Steve	kbr_UPSID1984_phon		
kbv	DERA			UPSID	Steve			
kca	KHANTY		Ostyak	UPSID	Steve	kca_UPSID1984_phon		
kek	K'EKCHI			UPSID	Steve	kek_UPSID1984_phon		
ker	KERA			UPSID	Steve			
ket	KET			UPSID	Steve	ket_UPSID1984_phon		
kfe	KOTA			UPSID	Steve	kfe_UPSID1984_phon		
kff	KOYA			UPSID	Steve			
kgp	KAINGANG			UPSID	Steve			
kha	KHASI			UPSID	Steve	kha_UPSID1984_phon		
khb	LUE			UPSID	Steve			
khk	KHALKHA			UPSID	Steve	khk_UPSID1984_phon		
khl	KALIAI			UPSID	Steve	khl_UPSID1984_phon		
khm	KHMER			UPSID	Steve	khm_UPSID1984_phon		
khr	KHARIA			UPSID	Steve	khr_USPID1984_phon		
kio	KIOWA			UPSID	Steve			
kir	KIRGHIZ			UPSID	Steve	kr_UPSID1984_phon		
kjd	SOUTHERN KIWAI			UPSID	Steve			
kjg	KHMU?			UPSID	Steve			
kjq	ACOMA			UPSID	Steve	kjq_UPSID1984_phon		
kjs	KEWA			UPSID	Steve	kjs_UPSID1984_phon	get resource and double check	
kkw	TEKE			UPSID	Steve	kkw_UPSID1984_phon		
kla	KLAMATH			UPSID	Steve	kla_UPSID1984_phon		
klu	KLAO			UPSID	Steve			
kmo	KWOMA		Washkuk	UPSID	Steve	kmo_UPSID1984_phon		
xom	KOMA			UPSID	Steve	kmy_UPSID1984_phon	updated from kmy to xom due to WALS	
kna	KANAKURU			UPSID	Steve	kna_UPSID1984_phon		
knn	KONKANI			UPSID	Steve			
kor	KOREAN			UPSID	Steve	kor_UPSID1984_phon		
kpk	KPAN			UPSID	Steve			
kpm	SRE			UPSID	Steve			
kpv	KOMI		Zyrian	UPSID	Steve	kpv_UPSID1984_phon	get resource; macro language: http://www.ethnologue.com/show_language.asp?code=kom --- update filenames	
kpy	KORYAK			UPSID	Steve			
kpz	SEBEI		Kupsabiny	UPSID	Steve	kpz_UPSID1984_phon		
kru	KURUKH			UPSID	Steve	kru_UPSID1984_phon		
ksw	KAREN			UPSID	Steve	ksw_UPSID1984_phon		
ktg	KALKATUNGU			UPSID	Steve			
ktz	!XU			UPSID	Steve	ktz_UPSID1984_phon		
kun	KUNAMA			UPSID	Steve	kun_UPSID1984_phon		
kup	KUNIMAIPA			UPSID	Steve	kup_UPSID1984_phon		
kvn	CUNA			UPSID	Steve			
kwd	KWAIO			UPSID	Steve			
kwk	KWAKW'ALA			UPSID	Steve	kwk_UPSID1984_phon		
kyh	KAROK			UPSID	Steve	kyh_UPSID1984_phon		
fia	NUBIAN			UPSID	Steve	kzh_UPSID1984_phon	updated from kzh to fia due to WALS	
lbc	LAKKIA			UPSID	Steve	lbc_UPSID1984_phon		
lbe	LAK			UPSID	Steve			
lef	LELEMI			UPSID	Steve	lef_UPSID1984_phon		
lgg	LUGBARA			UPSID	Steve	lgg_UPSID1984_phon		
lhu	LAHU			UPSID	Steve	lhu_UPSID1984_phon		
lit	LITHUANIAN			UPSID	Steve	lit_UPSID1984_phon		
lme	LAME			UPSID	Steve			
lui	LUISENO			UPSID	Steve	lui_UPSID1984_phon		
luo	LUO			UPSID	Steve	luo_UPSID1984_phon		
lut	LUSHOOTSEED			UPSID	Steve			
maq	MAZATEC			UPSID	Steve	maq_UPSID1984_phon	double check resource and grab it online: http://www.ethnologue.com/show_work.asp?id=16044#view  http://www.ethnologue.com/show_work.asp?id=16043#view  http://www.ethnologue.com/show_work.asp?id=15239#view	
mas	MAASAI			UPSID	Steve	mas_UPSID1984_phon		
maz	MAZAHUA			UPSID	Steve	maz_UPSID1984_phon		
mbl	MAXAKALI			UPSID	Steve			
mcu	MAMBILA			UPSID	Steve			
mdd	MBUM			UPSID	Steve			
mde	MABA			UPSID	Steve	mde_UPSID1984_phon		
mdx	DIZI			UPSID	Steve	mdx_UPSID1984_phon		
mfc	MBA-NE			UPSID	Steve			
mhj	MOGHOL			UPSID	Steve			
mig	MIXTEC			UPSID	Steve	mig_UPSID1984_phon		
mjg	MONGUOR			UPSID	Steve			
mnc	MANCHU			UPSID	Steve	mnc_UPSID1984_phon		
mhz	MOR			UPSID	Steve		source checked - "language of an island in Geelvink Bay (Teluk Sarera) in Irian Jaya" (Laycock 1978:285)	
mor	MORO			UPSID	Steve	mor_UPSID1984_phon		
mpb	MALAKMALAK			UPSID	Steve	mpb_UPSID1984_phon		
mph	MAUNG			UPSID	Steve	mph_UPSID1984_phon		
mps	DADIBI			UPSID	Steve	mps_UPSID1984_phon		
mqs	WEST MAKIAN			UPSID	Steve			
mrt	MARGI			UPSID	Steve	mrt_UPSID1984_phon		
mrw	MARANAO			UPSID	Steve			
mur	MURSI			UPSID	Steve	muz_UPSID1984_phon	updated from muz to mur due to WALS; work is based on Arensen's Murle Grammar	
mwf	MURINHPATHA			UPSID	Steve			
mwp	KALA LAGAW YA		Mabuiag	UPSID	Steve	mwp_UPSID1984_phon		
aal	KOTOKO			UPSID	Steve		updated from mxf to aal due to WALS	
mto	MIXE			UPSID	Steve	mxg_UPSID1984_phon	updated from mxg to mto due to WALS	
mya	BURMESE			UPSID	Steve	mya_UPSID1984_phon		
myp	PIRAHA: MURA			UPSID	Steve	myp_UPSID1984_phon		
mzm	MUMUYE			UPSID	Steve			
mzp	MOVIMA			UPSID	Steve			
nab	SOUTHERN NAMBIQUARA			UPSID	Steve	nab_UPSID1984_phon		
nan	XIAMEN		Amoy	UPSID	Steve	nan_UPSID1984_phon		
naq	NAMA			UPSID	Steve			
nas	NASIOI			UPSID	Steve	nas_UPSID1984_phon		
nav	NAVAJO			UPSID	Steve	nav_UPSID1984_phon		
nbf	NAXI			UPSID	Steve			
caq	NICOBARESE	Nancowry		UPSID	Steve		UPSID, WALS, and OLAC all cite Das1977 for code ncb (other possible codes: caq, crv, tef, nik, sii).  see "library search" sheet for resource.  http://www.language-archives.org/item/oai:refdb.wals.info:182	checked original source.  correct code is CAQ (Car Nicobarese).  2010-11-05, DRM & RW
ncj	NAHUATL			UPSID	Steve			
ndv	NDUT			UPSID	Steve			
nep	NEPALI			UPSID	Steve			
new	NEWARI			UPSID	Steve			
nez	NEZ PERCE			UPSID	Steve	nez_UPSID1984_phon		
ngi	NGIZIM			UPSID	Steve	ngi_UPSID1984_phon		
nhu	NONI			UPSID	Steve			
nie	LUA			UPSID	Steve			
nio	NGANASAN			UPSID	Steve			
nir	NIMBORAN			UPSID	Steve	nir_UPSID1984_phon		
niv	NIVKH	GILYAK		UPSID	Steve	niv_UPSID1984_phon		
njo	AO			UPSID	Steve	njo_UPSID1984_phon		
nmu	MAIDU			UPSID	Steve	nmu_UPSID1984_phon		
nob	NORWEGIAN			UPSID	Steve	nor_UPSID1984_phon		
nrb	NERA			UPSID	Steve	nrb_UPSID1984_phon		
nut	LUNGCHOW	Nung		UPSID	Steve	nut_UPSID1984_phon		
nuy	NUNGGUBUYU			UPSID	Steve	nuy_UPSID1984_phon		
nyi	NYIMANG			UPSID	Steve			
nyp	NYANGI			UPSID	Steve	nyp_UPSID1984_phon		
oca	OCAINA			UPSID	Steve	oca_UPSID1984_phon		
ogb	OGBIA			UPSID	Steve			
ojg	OJIBWA			UPSID	Steve	ojg_UPSID1984_phon		
ood	PAPAGO			UPSID	Steve	ood_UPSID1984_phon		
oru	ORMURI			UPSID	Steve			
pac	PACOH			UPSID	Steve			
pay	PAYA			UPSID	Steve			
pbb	PAEZ			UPSID	Steve	pbb_UPSID1984_phon		
pbh	PANARE			UPSID	Steve			
pcc	YAY			UPSID	Steve	pcc_UPSID1984_phon		
pes	FARSI			UPSID	Steve	pes_UPSID1984_phon		
plt	MALAGASY			UPSID	Steve	plt_UPSID1984_phon		
pom	POMO			UPSID	Steve	pom_UPSID1984_phon		
pon	POHNPEIAN			UPSID	Steve			
prk	PARAUK			UPSID	Steve			
pst	PASHTO			UPSID	Steve	pst_UPSID1984_phon		
pwn	PAIWAN			UPSID	Steve	pwn_UPSID1984_phon		
pww	PHLONG			UPSID	Steve			
quh	QUECHUA			UPSID	Steve	quh_UPSID1984_phon		
qui	QUILEUTE			UPSID	Steve	qui_UPSID1984_phon		
rgr	RESIGARO			UPSID	Steve			
ron	ROMANIAN			UPSID	Steve	ron_UPSID1984_phon		
roo	ROTOKAS			UPSID	Steve	roo_UPSID1984_phon		
rro	RORO			UPSID	Steve	rro_UPSID1984_phon		
rus	RUSSIAN			UPSID	Steve	rus_UPSID1984_phon		
rut	RUTUL			UPSID	Steve			
sad	SANDAWE			UPSID	Steve			
sag	SANGO			UPSID	Steve			
sah	YAKUT			UPSID	Steve	sah_UPSID1984_phon		
slc	SALIBA			UPSID	Steve	updated from sbe to slc due to WALS; UPSID references a Columbian language, not PNG		
kmr	KURDISH			UPSID	Steve	sdh_UPSID1984_phon	updated from sdh due to WALS	
sed	SEDANG			UPSID	Steve	sed_UPSID1984_phon		
see	SENECA			UPSID	Steve	see_UPSID1984_phon		
sef	SENADI			UPSID	Steve	sef_UPSID1984_phon		
sel	SELKUP			UPSID	Steve			
ses	SONGHAI			UPSID	Steve	ses_UPSID1984_phon	get resource and verify	
set	SENTANI			UPSID	Steve	set_UPSID1984_phon		
shb	SHIRIANA			UPSID	Steve			UPSID, WALS, and OLAC all cite Migliazza&Grimes1961 for code shb:"Shiriana" (aka "Ninam").  Distinct from code xir:"Xiriâna"
shi	SHILHA			UPSID	Steve	shi_UPSID1984_phon		
yue	TAISHAN			UPSID	Steve	shn_UPSID1984_phon		updated from shn to yue (Cantonese); seems to be a mistake in WALS
shs	SHUSWAP			UPSID	Steve			
sht	SHASTA			UPSID	Steve	sht_UPSID1984_phon		
sin	SINHALESE			UPSID	Steve	sin_UPSID1984_phon		
sja	EPENA PEDEE			UPSID	Steve			
skd	SIERRA MIWOK			UPSID	Steve			
sma	SAAMI			UPSID	Steve	sme_UPSID1984_phon	updated sme to sma due to WALS	
snn	SIONA			UPSID	Steve	snn_UPSID1984_phon		
snv	SA'BAN			UPSID	Steve	snv_UPSID1984_phon		
som	SOMALI			UPSID	Steve	som_UPSID1984_phon		
spa	SPANISH			UPSID	Steve	spa_UPSID1984_phon		
spl	SELEPET			UPSID	Steve	spl_UPSID1984_phon		
als	ALBANIAN			UPSID	Steve	sqi_UPSID1984_phon	macro language: http://www.ethnologue.com/show_language.asp?code=sqi 	
sqt	SOCOTRI			UPSID	Steve	sqt_UPSID1984_phon		
srq	SIRIONO			UPSID	Steve	srq_UPSID1984_phon		
stc	NAMBAKAENGO			UPSID	Steve	stc_UPSID1984_phon	split into two different codes; update population figures as well when Ethno updates	http://www.sil.org/iso639-3/chg_detail.asp?id=2008-070
sue	SUENA			UPSID	Steve	sue_UPSID1984_phon		
svs	SAVOSAVO			UPSID	Steve			
swi	SUI			UPSID	Steve	swi_UPSID1984_phon		
trg	NEO-ARAMAIC			UPSID	Steve	syr_UPSID1984_phon	updated from cld to (a guess) to trg due to WALS	
taj	TAMANG			UPSID	Steve	taj_UPSID1984_phon	unknown language code: xxx;taj;tge check WALS and get resource and verify	
tay	ATAYAL			UPSID	Steve	tay_UPSID1984_phon		
tba	HUARI			UPSID	Steve			
tbi	TABI			UPSID	Steve	tbi_UPSID1984_phon		
tca	TICUNA			UPSID	Steve	tca_UPSID1984_phon		
tcy	TULU			UPSID	Steve			
teh	TEHUELCHE	GUNUNA-KEN		UPSID	Steve	teh_UPSID1984_phon		
tel	TELUGU			UPSID	Steve	tel_UPSID1984_phon		
tem	TEMNE			UPSID	Steve	tem_UPSID1984_phon		
teq	TEMEIN			UPSID	Steve	teq_UPSID1984_phon		
tet	TETUN			UPSID	Steve			
tgc	TIGAK			UPSID	Steve			
tgl	TAGALOG			UPSID	Steve	tgl_UPSID1984_phon		
tha	THAI			UPSID	Steve	tha_UPSID1984_phon		
thv	TAMASHEQ			UPSID	Steve			
tig	TIGRE			UPSID	Steve	tig_UPSID1984_phon		
tiw	TIWI			UPSID	Steve	tiw_UPSID1984_phon		
tiy	TIRURAY			UPSID	Steve			
tli	TLINGIT			UPSID	Steve	tli_UPSID1984_phon		
tma	TAMA			UPSID	Steve	tma_UPSID1984_phon		
tml	ASMAT			UPSID	Steve	tml_UPSID1984_phon		
tna	TACANA			UPSID	Steve	tna_UPSID1984_phon		
tnl	LENAKEL			UPSID	Steve			
top	TOTONAC			UPSID	Steve	top_UPSID1984_phon		
tpm	TAMPULMA			UPSID	Steve	tpm_UPSID1984_phon		
tpx	TLAPANEC			UPSID	Steve			
tpy	TRUMAI			UPSID	Steve			
tqo	TAORIPI			UPSID	Steve	tqo_UPSID1984_phon	UPSID, WALS, and OLAC all cite Brown1973 for code tqo:"toaripi" (and no other langs) even though the title of the resource refers to the family "Eleman".  See library search sheet for this resource.	checked original source.  correct code is TQO.  2010-11-05, DRM & RW
tqw	TONKAWA			UPSID	Steve	tqw_UPSID1984_phon		
tsi	TSIMSHIAN			UPSID	Steve			
tsu	TSOU			UPSID	Steve	tsu_UPSID1984_phon		
tsz	TARASCAN			UPSID	Steve	tsz_UPSID1984_phon		
ttr	TERA			UPSID	Steve			
tun	TUNICA			UPSID	Steve	tun_UPSID1984_phon		
tur	TURKISH		Osmanli	UPSID	Steve	tur_UPSID1984_phon		
twf	PICURIS	TIWA		UPSID	Steve	twf_UPSID1984_phon		
tyv	TUVA			UPSID	Steve	tyv_UPSID1984_phon		
tzh	TZELTAL			UPSID	Steve	tzh_UPSID1984_phon		
ung	NGARINJIN			UPSID	Steve			
unr	MUNDARI			UPSID	Steve	unr_UPSID1984_phon		
uzn	UZBEK			UPSID	Steve		UPSID, WALS, and OLAC all cite Sjoberg1963; OLAC lists two codes for that resource: uzn:"uzbek, North" and uzs:"uzbek, southern".  See library search sheet for the Sjoberg1963 resource.	checked original source.  correct code is UZN.  2010-11-05, DRM & RW
vam	VANIMO			UPSID	Steve			
vie	VIETNAMESE			UPSID	Steve	vie_UPSID1984_phon		
vmb	MBABARAM			UPSID	Steve			
wao	WAPPO			UPSID	Steve	wao_UPSID1984_phon		
wap	WAPISHANA			UPSID	Steve	wap_UPSID1984_phon		
wba	WARAO			UPSID	Steve			
wgi	WAHGI			UPSID	Steve		UPSID, WALS, and OLAC all cite Phillips1976; OLAC lists two codes for this resource: wgi:"waghi" and whg:"Wahgi, North"  (also possible is nii:"Nii" in the Waghi subfamily; see PDF online at http://www.sil.org/pacific/png/abstract.asp?id=12435).  See library search sheet for the Phillips 1976 resource.	checked original source.  correct code is WGI.  2010-11-05, DRM & RW
wic	WICHITA			UPSID	Steve	wic_UPSID1984_phon		
wim	WIK-MUNKAN			UPSID	Steve	wim_UPSID1984_phon		
wit	WINTU			UPSID	Steve	wit_UPSID1984_phon		
wiy	WIYOT			UPSID	Steve	wiy_UPSID1984_phon		
wnc	WANTOAT			UPSID	Steve	wnc_UPSID1984_phon		
wnu	USAN			UPSID	Steve			
woi	WOISIKA			UPSID	Steve			
wol	WOLOF			UPSID	Steve	wol_UPSID1984_phon		
wrs	WARIS			UPSID	Steve			
wrz	WARAY			UPSID	Steve			
wti	BERTA			UPSID	Steve	wti_UPSID1984_phon		
wuu	CHANGZHOU			UPSID	Steve			
wyb	NGIYAMBAA			UPSID	Steve			
xaw	KAWAIISU			UPSID	Steve			
xpe	KPELLE			UPSID	Steve	xpe_UPSID1984_phon		UPSID and WALS both cite Hyman1973, which OLAC says is about xpe:"liberian kpelle" (not gkp:"guinea kpelle" or knu:"kono").  See http://wals.info/refdb/record/Hyman-1973 and http://olac.ldc.upenn.edu/item/oai:refdb.wals.info:390
xtc	KADUGLI			UPSID	Steve	xtc_UPSID1984_phon1		UPSID, WALS, and OLAC all cite Abdalla 1973 for code xtc:"Katcha-Kadugli-Miri" (not other of the Kadugli-Krongo languages).  See resource on "library search" sheet. http://www.language-archives.org/item/oai:refdb.wals.info:2
yad	YAGUA			UPSID	Steve			
yaq	YAQUI			UPSID	Steve	yaq_UPSID1984_phon		
ycn	YUCUNA			UPSID	Steve			
yer	TAROK			UPSID	Steve	yer_UPSID1984_phon		
ygr	YAGARIA			UPSID	Steve			
yii	YIDINY			UPSID	Steve			
ykg	YUKAGHIR			UPSID	Steve	ykg_UPSID1984_phon		
ynn	YANA			UPSID	Steve	ynn_UPSID1984_phon		
yor	YORUBA			UPSID	Steve			
yrb	YAREBA			UPSID	Steve	yrb_UPSID1984_phon		
yrk	NENETS			UPSID	Steve	yrk_UPSID1984_phon		
yss	YESSAN-MAYO			UPSID	Steve			
yua	YUCATEC			UPSID	Steve			
yuc	YUCHI			UPSID	Steve	yuc_UPSID1984_phon		
yul	YULU			UPSID	Steve	yul_UPSID1984_phon		
yva	YAWA			UPSID	Steve			
noo	TSESHAHT			UPSID	Steve			
zne	AZANDE			UPSID	Steve	zne_UPSID1984_phon		
zoc	ZOQUE		Copainalá	UPSID	Steve	zoc_UPSID1984_phon		UPSID sources (to be uploaded from DRM): zoc_wonderly1951_dialectInfo.pdf, zoc_wonderly1951_phonology.pdf
zul	ZULU			UPSID	Steve	zul_UPSID1984_phon		
zun	ZUNI			UPSID	Steve	zun_UPSID1984_phon		
xsu	Sanuma; Sanumá			PHOIBLE	Steve			